seq,lable
G I G K F L H A A K K F A K A F V A E I M N S,1
V K D T F F K L L K H P T I A S K H Y L Y D Q Y D Q Q,0
V T M C M R C Q E P F N S I T K R R,0
K A A K K A W K W A K K A A K W A K K A A,1
L G M R K L K E D M E G V V K E L E E N N H I L E R F G A L T I D G,0
R F R L E Q A A P A F E D L V Y G W N R H D V A S V E G D P V I M K S D G F,0
F L P M L A G L A A S M V P K F V C L I T K K C,1
G F G C N G P W D E D D M Q C H N H C K S I K G Y K G G Y C A K G G F V C K C Y,1
T T G H K Q T D H L R T V A L V E M A V A F A I E H L D D G G A F C A K V F Q G G A T K D V L N L L,0
T K S S E G K D S G A A E G E K Q E V G D G D,0
G D L L N L G S P T R V L R K I S H S Q R E N G A Y R S T E A H Q G A K I E V F Q K P,0
D L R F W N P R E K L P L P T L P P F N P K P I Y I D M G N R Y,1
G F G C P F N Q G A C H R H C R S I R R R G G Y C A G L F K Q T C T C Y R,1
N L G R Y T G G Q T H F Y P G F T A L N M I D V T K F S K E F S K H I T M D L S M E A V M R A R G,0
G V Y D I H S P N V P S V E W I E A L L R K A A Q R I P A E R L W V N P D C G L K T R G W P E,0
G F L D S F K N A M I G V A K S V G K T A L S T L A C K I D K S C,1
I S W M H I P Q L N G Q D Q Q L T L T V G E N G H Y T L E G E E F T V N G,0
F L P A V L R V A A K I V P T V F C A I S K K C,1
K A Y A R I G N S Y F K,1
S N L A N A I S D L T N S M S D A A S S V S R S A S,0
L P S S L P L L P P F P P R V A A V,0
A V R I G P C D Q V C P R I V P E R H E C C R A H G R S G Y A Y C S G G G M Y C N,1
G L F D V I K K V A S V I G G L,1
D I A E L F L E E K E P T V E Q L K A A I R R A T I A R T F T,0
V V L G S L F V A E V S S V V L Q I L T F R T T G R R V F R M A P F H H H F E L A G W A E T T,0
A C I K N G G R C V A S G G P P Y C C S N Y C L Q I A G Q S Y G V C K K H,1
A D K L N Q D L Q V R K Y I Q N A L,0
K G L K E A T E I A I L N A,0
A F K L L G R I I H H V G N F V Y G F S H V F,1
K M N L Q L F A Q K K G T G S,0
K I A K V A L A K L G I G A V L K V L T T G L,1
V N W K K V L G K I I K V A K,1
K T K L F K K F A K K L A K K L K K L A K K L,1
T L H R L G I Q A F E P I L V E G R A I K,0
Y G D P R V A A T M H Q D V A T F V M R N P Q Q R A,0
S V G W G K N S N D G S E L V I S G S L D D L V K V W,0
G I P C A E S C V W I P C T V T A L V G C S C S D K V C Y N,1
E F I N K I K A S P W F K N T V I V V S S D H L A M N N T A W K Y L N K Q D R N N L,0
F L P K T L R K F F C R I R G G R C A V L N C L G K E E Q I G R C S N S G R K C C R K K K,1
Q S K A T A L Y V N F G E S Y A F Y E P E F L K N L Q K E T Y G K W L E T L Q E L K N Y D,0
I E P D M S L T G G T F Y S D Q Q,0
R Q A K Q D M N E S R R Q I Q S L T C E V D G,0
G I D M I K V R S P I T C K T R R G L C A K C Y G R D L A R E R Q V N V G E S V G V I A,0
G F G M A L K L L K K V L,1
G A A R K S I R L H R L Y T W K A T I Y T R,1
D I L T F E H Y W A Q L T S,1
T L P S S P L L L L S L G A W L L P P Q L L W E C C H P A C G K H F S C I V R R A C,0
F L P V V A G L A A K V L P S I I C A V T K K C,1
F A K A L A K L A K K L L,1
L I I N T E T G K K L S K R,0
G R G E P R F I A V G Y V D D T Q F V R F D S D A A S Q R M E P R A P W I,0
T F K E L V Y E T V K V P G C A H Q A D S L Y T Y P V A T E C H C G K C D S D S T D,0
F L P L F A S L I G K L L,1
G L F A V I K K V A S V I G G L,1
F A K L L A K L A K A K G,1
G L M D T I K G V A K T V A A S W L D K L K C K I T G C,1
V V I D D E P V K T L K L D G D S K R K T V K L N L N K S Q S A Q G Y H N,0
G C S R W I I G I H G Q I C R D,1
N G V D V S A L L Q S L A T K,0
N Y Q H S P L G F S H F G G,0
I A A H D T P G P V W L S,1
A S I V K T T I K A S K K L C R G F T L T C G C H F T G K K,1
S F D S V N S G L D E N Q I N N E F N K S T Y I K I E D N K E Y S E N,0
A L W K N M L K G I G K L A G Q A A L G A V K T L V G A,1
T Q Q S T L E P G P T W R G G A H G L S,0
F A K K L A K K L K K L A K K L A K L A L A L K A L A L K A L,1
K W C F R V C Y R G I C Y R R C R,1
I E P L I V K T I R S F,0
I C D A A D E K I G H C L L R D L D L L E K E N T N I F L W L L P D I Y R E F K S I A T N N T D I,0
K W K L F K K I G A V L K V L,1
F A K L L A K L A K K L,1
G I K D L L P V P P A V A E Y S T G L S M G Q T A E Q M A K T Y N I S R,0
F A K L L A K A L K K L,1
G F L G P L L K L A A K G V A K V I P H L I P S R Q Q,1
V P G A E G Q Y F A Y I A Y D L D L F E P G S I,0
F A F G K G I G K I G K K G L,1
I L S R V G D G T Q D N L S G C E K,0
R I P V I M I G D G S M T A G M V Y E A L N E L G E R K Y P,0
Y C A Y Y S P R H K T T F,1
I T T G S L L I F G S G L E,0
A L S I L K G L E K L A K M G I A L T N C K A T K K C,1
V Y W K K I L G K I I K V V K,1
F A K K L A K L A K K L A K A L,1
A Q R C G D Q A R G A K C P N C L C C G K Y G F C G S G D A Y C G A G S C Q S Q C R G C R,1
G L F G V L G S I A K H V L P H V V P V I A E K L,1
A V K Q V E E M L A M A N V S V Y N I E G K E V G S I E,0
I K V P I P S G Q Y V Y S L P N D R K F H P L E K L G R Y L M,0
R F E E A K K F G I T E F V,0
A T C D L A S G F G V G S S L C A A H C I A R R Y R G G Y C N S K A V C V C R N,1
F L S L I P S L V G G S I S A F K,1
A I G S I L G A L A K G L P T L I S W I K N R,1
A D T L A C R Q S H Q S C S F V A C R A P S V D I G T C R G G K L K C C K W A P S S,1
K R D E N R L L F D H Q R E I A A K F G Y V R Q E G Q P V N Y G V E Q F M,0
D F K D W M K T A G E W L K K K G P G I L K A A M A A A T,1
G I G K F L K K A K K F G K A F V K I L K K,1
Q E T F S D L W K L L P,1
G I G K F L H S A K K F A K A F V A E I M N S,1
Q Q Q Q Q Q Q Q Q Q Q R R P G S P M V P N A P L D P N N M A K L E Y E Q R K N L L,0
L E K K K L M A A R E R K A T K T L G I I L G A F I V C W L P F F I I S L V M P I C K D A C W F,0
Q P Q F F V E M T Q A P L A S S R,0
F F R H L F R G A K A I F R G A R Q G W R A H K V V S R Y R N R D V P E T D N N Q E E P,1
F A K K L A K K L K K L A K L A L A K,1
I D S G K T T A T E R V L F Y T G R I N S I H E V R G R D S V G A K M D S M D L E R E K G I T I Q S,0
D L R H S D G K W E K V S S F V R N L N Y T V G G L I K D,0
F F G T A L K I A A N I L P T A I C K I L K K C,1
R F N F K L A V E A F T N,0
G K W K K I L G H L I R,1
R W K I F K K I E K M G R N I R D G I V K A G P A I E V L G S A K A I G K,1
A T R V V Y C N R R S G S V V G G D D T V Y Y E G,1
F L P I L A G L A A N I L P K V F C S I T K K C,1
F L P L A V S L A A N F L P K L F C K I T K K C,1
E I R L P E P F R F P S P T V P K P I D I D P I L P H P W S P R Q T Y P I I A R R S,1
Y K E G E L L P V E M P E R V S N G A E R R D Q V G Q,0
F L P F L A K I L T G V L,1
H P T W P Q K S V W H G S D P N G R R L T E S Y,1
S T L V A C V V D V E V F T N Q E V K,0
T I L L E I K N I N A D,1
G L W S K I K E A A K A A G K A A L N A V T G L V N Q G D Q P S,1
F L P V L A G I A A K V V P A L F C K I T K K C,1
L G P G G R L A V I S F H S L E D R M V K Q C I A A A A R P A A A H A R L P L R E S E,0
P L S H V R F W V F Q I,0
G L L G L L G S V V S H V L P A I T Q H L,1
V A L A L K A L K K L,1
K G E G I E I V A Y V A G K,0
L A E L Y P Q H I S E L Q S R T K E A L S R E G I D G L I I H S G,0
C R Q S C S F G P L T F V C D G N T K,1
F A L L E L L L R N K G R V L P R K L I E E K L Y N W D D D V,0
K L A K K L A K L A K L A K A L,1
A I F K M I K P E D V K L L P D D E N T P E K R A E K I W A F F G K,0
G V S M A L F S K K D K Y I R I T P N N S L K S S V S R N I P E V P D E L F A K,0
L Y H E K Y K V V E L,0
L Y Y M L S G S V E L R H A H F V L W I N D L S S K D P Y Y I L P I I M G I T M F L I Q K,0
F A L A K K A L K K A K K A L,1
G V P I C G E T C T L G T C Y T A G C S C S W P V C T R N,1
D G S D P E P P D A G E D S K S E N G E N,0
P A W R K A F R A A W R M L K K A A,1
N T G E R L S G E F S L A K G F S P A M L K K L D Y L M R D K R T N Q V H K M D P N L F Q K F,0
D L D I K T T S V R F T G E T L K V P V S M D M L G R I F N G I G K P I D G G,0
K E R R E K R D K D H Y R P K Q,0
S P Y R F F S A Q E W A A F R A D T P L T L T Y E E V K R L R S,0
G I G K F L K K A K K F A K A F V K I I N N,1
T T A R M L E I L H I E T G V A A D V D S D T E I G M L,0
G I K C R F C C G C C T P G I C G V C C R F,1
T T G G T C C T T C A A G A G C T G,1
F F P L A L L C K V F K K C,1
G A W K N F W S S L R K G F Y D G E A G R A I R R,1
F L P L L A G L A A N F L P T I I C K I S Y K C,1
F L W W L F K W A W K,1
I S S L K N R L K K V S T T T G,0
D I T G E T L G M S E V N G H A L I R L S A R T G E G V D V L R N H,0
F K R L A K I K V L R L A K I K R,1
P P A P A P S S M A G R V P S L L V L L V F P S S C L A F R S P L S V F K R F K E T T R P,0
W H S D M E W W Y L L G,1
T N N L K S D G S K A H E K K E N E T K N T A G E N,0
Y E K Y P G E F R A G G L V N C G S C L S N C H I T G A A I K I A N I F A K V P L R G N Y A E V A D,0
D V T K L S V V R A T A E V T D A D I D Q M I E N L R L Q R R T W N P V E R G A Q,0
G I P C G E S C V F I P C I T G A I G C S C K S K V C Y R N,1
V V E E L S Y V E M I E I R N L S Q R F E G P R G W I E A L H N V N L T I P,0
K W F K K I P K F L H L L K K F,1
Y G L S S G V F G R D I N R A L R V G M S I E,0
L K S T L N K G P M Y S F Q,0
C V A T R T G L G G I V G Q K R S H F S W R F A V D F A,0
F L S K L L F F L S N S L P F F C V S F G N I P I H R,0
C G V I D L A E L V R N A H P,0
L L G D F K R I V Q R I K D F,1
R G G R L C Y C R R R F C V C V G R,1
F L P V L A G L T P S I V P K L V C L L T K K C,1
F L P I L I N L I H K G L L,1
F V K L K K I L N I I L S I F K K,1
S K L Q K A Q E L G I Q V R D E A W L E S L M N K R M N E,0
G R F K R F R K K F K K L F K K L S P V I P L L H L G,1
I S V A W Y S I H A D S G Y N V C D N G Y K L P L I Y V V,0
K S C C P N T T G R N I Y N T C R L T G S S R E T C A K L S G C K I I S A S T C P S N Y P K,1
A D M L H I S T N C R T A E K M A L T L L D Y L F H R E,0
V I S V T D G I V R I H G L S D A M Q G E M L E F P G N T F G L A M N L E R D S V G A V,0
G L F G V L A K V A S H V V P A I A E H F Q A,1
S A A G V A V A F G S P I G G V L F S L E E M A Y N F P A S T M W R S F L,0
G A L R G C W T K S Y P P K P C K,1
F A L A L K L A K K A L,1
T A G I K L T V P I E K F P V T T Q T F W G,1
D S G V D S G R P I G V V P F Q W A G P G A A P E D I G G I V A A D L R N S G K F N P L D R A R L,0
F L P K M S T K L R V P Y R R G T K D Y H,1
L L G T N C S P D L L F F L C A M Y A P I C T I D F Q H E P I K P C K S V C E R A,0
D V K G M K K A I K G I L D C V I E K G Y D K L A A K L K K V I Q Q L W E,1
M P K E K V F L K I E K M G R N I R N,1
G I G A V L K V L T T G L P A L I S W I K R K R Q Q,1
W K K I P K F L H L L K K F,1
G F G P T M L R A A P A N G A T F A T,0
F L S H I A G F L S N L F,1
I A A N H I L K T R E K L N R I L S E R T G Q S,0
M S L I I T G F A P V T D I R K T L T P Q L R M D K G E T D L I L I D L G R G K N R M G A,0
K A Q I R A M E C N I L G R K K R R Q R R R,1
K R L R R V W R R W R,1
R W G K W F K K A T H V G K H V G K A A L T A Y L,1
A Q A L L R D S G L L D,0
A L P K K L K Y L N L F N D G F N Y M G V V,1
D Q Y K C L Q H G G F C L R S S C P S N T K L Q G T C K P D K P N C C K S,1
K W K L F K K I E K V G Q N I R D G I I K A G P A V A V V G Q A T Q I A K,1
N D D P A A Q A R S F V A A G C T W L H L V D L N G A F A G E P V N A A P V E A I L K,0
K S C C P N T T G R N I Y N T C R L G G G S R E R C A S L S G C K I I S A S T C P S D Y P K,1
A T E E R V A K R H L,0
A R L K K C F N K V T G Y C R K K C K V G E R Y E I G C L S G K L C C A N,1
Q S H L S L C R W C C N C C R S N K G C,1
G K L S L N D A S L F Y E P E S S T A L G F G F R,0
R R R R R R R R G E D I I R N I A R H L A Q V G D S M D R,1
R T L M A V D A A V M V I D S A R G I E P Q T K K L F K V V R Q R G I P,0
L H K P T Q D P F V C K Y C N K Q F T T L N R L D R H E Q,0
N I I L L I A I L S I L V G G W G G L N Q T Q L R K I L A Y S S I,0
G F L D I I N K L G K T F A G H M L D K I K C T I G T C P P S P,1
D N A A M I G S A A Y F E Y I K G R,0
V H P V Y R S V V R A I V K N Q G I E V,0
K W K L F K K I G I G K F L H S A K K F,1
E K K P P R P P Q W A V G H F M,1
F L P A I F R M A A K V V P T I I C S I T K K C,1
G F R D V L K G A A K A F V K T V A G H I A N I,1
F A V G L R A I K R A L K K L R R G V R K V A K D L,1
A Q L R L S Y Q L N D E F S D N L T C I P E N R E D E V C V C R M L M D N,0
F F P M L A G V A A R V V P K V I C L I T K K C,1
F L G V V F K L A S K V F P A V F G K V,1
T D G V G T K L R L A M D L K R H D T I G I D L V A M,0
L S V S G I G P K S A L A I I A S G D V V P L I T A I E S E D D V Y L T,0
F L P V I A G V A A N F L P K L F C A I S K K C,1
F A K L L A K A L K K L L,1
V S D D E I K K A E D A R D A L K K,0
L K R K E I D G I K L E S M G,0
S F I F S I V A F L Y F F Y K T W A T D P G F,0
F A L A L K A L K K L A K K L K K L A K K A L,1
M E I R I F R Q D D F E A V I T L W E R C D L L R P,0
M P K W K V F K K I E K V G R N I R N G I V K A G P A I A V L G E A K A L G,1
G F C R C L C R R G V C R C I C T R,1
F L P L L L A G L P K L L C L F F K K C,1
D R E G T L F I E E S D N N N V W T T T A,0
P E W F K C R R W Q W R M K K L G A,1
V P G S G P V K A Q A,0
G L L P C A E S C V Y I P C L T T V I G C S C K S K V C Y K N,1
V N W K K I L A K I I K V V K,1
C A R M L S Q E S L R K Q N R F S R A S E K M F D,0
A V I D G C P P G M A L S A E D I Q P D L D R R K P G T S R H V T Q R K E E D L V E I L S,0
G S D V A V N G S F P T I Y R N Y S N S V P Y E R R I T T L L Q W L D L P K A D,0
P K R G L M L A R M V G H I T Y L S D D S M G E K F G R G L K S E K L N Y,0
K W K L F K K I P L K K F,1
F F P I I A G M A A K V I C A I T K K C,1
G I I K K I I K K I I K K I,1
G L P T C G E T C F G G T C N T P G C T C D P W P V C T H N,1
G M W S K I L G H L I K,1
A S M G S V L S L C A A P G R R F A T P H S R I M I H Q P S I G G P I T G Q A T D L D I H A R,0
S I P A R P L N L Y Q F G N M I Q C A N H G R R P T W H Y M D Y G C Y C G K G G S G T P V D E,0
F L P I I A G A A A K V V Q K I F C A I S K K C,1
K W K L F K K I G I G A V L K V L K K G,1
R E P K R G K L S L S D K F R K E Y Y A L G S L R E S E E S I G T H Y E F L Q P L,0
M R G I R G A D F Q A F Q Q A R A V G L A G T F R,1
R Q K F P D I N G P R K D D I C Y A T Q N R Q D A V R E L A S D A D V M L V,0
G L F A V I K K V A A V I K K L,1
E G D Y Q A L K E E I K K I M K Q P G Y D D G S A G P V L V R L A W H A S G N,0
A I I G D G G A M G G K D S Q E F M A V T P E R T D L N R W V V L D K S I A S L D E I P E,0
R H L V T I V A S P I P A E G H I P P R F L E T L V S L E A D V A K T L A A E K S A P K K,0
K S C C P N T T G R N I Y N T C R F A G G S R E R C A K L S G C K I I S A S T C P S D Y P K,1
R A A R E N R I E S L H A E R E V L S E R F A T L S F D V,0
E V G H F W G Y R I D E R N A E L L R Q L T A E I N R L E L V P L P I H P H P D,0
I R A L D G C F T G A Q H N T W L P R E,0
V Q G S R L N S Q P A C T A R R R T R V L I L,0
M F D P K S K K K Y I I E Y L D F A D E K I C A F,0
F A K K L A K K L K K L A K K L A K K W K L,1
D S H E K R H H E H R R K F H E K H H S H R G Y,1
P D Q D T L K A M M Q D A G F E S V D Y Y N L T A G V V A L H R G Y K F M V E D S Q E T T,0
G L F D I V K K V V G T L A G L,1
T G R K I I V D T Y G G M A R H G G G A F S G K D P S,0
G S I P C G E S C V F I P C I S S V I G C A C K S K V C Y K N,1
G F S P N L P G K G L R I S,1
T T S L S E E M L D L R G A E R C Q K G G C V P G R P M G P P R R R C L P A A,0
F F G S V L K V A A K V L P A A L C Q I F K K C,1
F L G A L F K A L S K L L,1
A N T A F V S S A H N T Q K I P A G A P F N R N L R A M L A D L R Q N A A F A G,1
P D E D A I N D A L N K V C S T G R R Q R S I C K Q L L K K,1
Y R N I Y T P P D S G A A F I Q D V T R D G R L L Q T L Y P G T G R R V L Y K Y S K Q S R,0
I H F T A R N I V D T T A P Y E L V S R M R A S F W V I G P L,0
E A N A K M S S A V D L L I K T D N T R L Q A V F K A N E D,0
C Y T Q Y R K C Q E L T A,1
F A L A L K A L K K L,1
R R V V S I P P L F W K P L L H M V I L P I R G P R S A S K Y A K V W L Q E G,0
A S V T S T L M T G S,0
D S H E K R H H G Y R R K F H E K H H S H R E F P F Y G D Y G S N Y L Y D N,1
F L P I A S L L G K Y L,1
D P Q T D C Q Q C Q R R C R Q Q E S G P R Q Q Q Y C Q R R C K E I C E E E E E Y N,1
A T C D L L S A F G V G H A A C A A H C I G H G Y R G G Y C N S K A V C T C R R,1
G K W S K I L G K L I R,1
P I P R V E Y T E E E T K T W G V V F R E L S K L Y P T H A C R E Y L K N F P L L T K Y C,0
K W K S F L K T F K S L K K T V L H T A L K A I S S,1
H T M Y Y H H Y Q H H L,1
K I G L E D V D V T N L A P K E K K H L M E M I L K F V E E D N E K F L R R L R E R,0
A I P C G E S C V W I P C I S T V I G C S C S N K V C Y R,1
R R R K I K C K K T R T P S N L Q S Q G E Q A V D D S T A I E T V T S T P V Q T P I P E L,0
L T A E H Y A A Q A T S,1
E Y S L F P G Q V V I M E G I N T T G R K L V A T K L Y E G,0
G L F D I V K K V V G A I G S L,1
V V V K V L R P D I E H Q I S D D I A L L K S L A T L V E H T H P N A D K I R P C E,0
F L I G M T H G L I C L I S R K C,1
K W K L F K K I P L H L A K K F,1
L A N K M A V K A T E V I K T M M K M G A M,0
L I L A G Q V K V K G Q L G E M A K C L D N P D Q G I S D M C R,0
Y R I N V A D S R A P R D G R F I E T V G T Y N P L V E E N Q V T L K E E R V L E W L,0
Y N D E E M K E I V L R S S R I L,0
K L A R L A L A A A V R S V L R G G L A V L G V S A P E S M M K D T,0
F A K K L A K K A K L A K K L,1
N L T L T L D K G T L H Q E V N L V,0
C A W Y N I S C R L G N K G A Y C T L T V E C M P S C N,1
M Y M T S E S F V Q D F V S,0
L K E V E R L V N A Q I R R N H T I E T N I M D I E S A K Q K G A M A L F G E,0
R D A P S E D A R A E R A V E D A H A V L G R F P E Q F G P A L E R A I R A K L G L A L E R E,0
K L C G E T C F K F K C Y T P G C S C S Y P F C K,1
S T V C I G Q A A S M G,0
I E M A L E R S D V E K I A H L A R L G L S E A D L P R,0
A L A S R F M P K L P A K R S M R A P R M R W T S T L H A R F V H A V E L L G G H E R A,0
A G D G T T T A T V L A Q A L V K E G L R N V A A G A A P S A L K H G I E V S V E A I A,0
S F A A Q T S S L Q K G E S Y K D T L L T L E A,0
M H L T E G K D G R L Q T F K V I F A L V I T L C F V V G T Y W V M Q G G,0
F G D K E S E F E L Q D E S H E E I A K K V Y E E I Q E I P I V N I T P N R Y Q P,0
G T G H A A N C E L N Y T P L D D Y G H L K I E K A L S I N R S F E K S M S L W A S L Y,0
A C Y C R I P A C I A G E R R Y G T C I Y Q G R L W A F C C,1
S D P A A D G L A A P E K P G A T E P D L P I L C I G E V S V P G S G G S R P Q,0
A A A Q A K A K K A A A M P T E E S E A K P A E E G D V V G A S E P D A K A P E E P P A E A P E N M,0
G A H F S N L I Q S S A D R L G V D V E,0
N W M G P R L D N L N A A R I G S S R A I T Q L I L N L V E G S P,0
V A K K L A K L A K K L A K L A L,1
P P R P K P G R K P A L D A L G R R K A P I K P R P G P T S A L S V E E A K F R,0
L T F E H Y W A Q L T S,1
E P H P D E F V G L M,1
P R F W E Y W L R A M E,1
F L F R V A S K V F P A L I G K F K K K,1
F A K K L A K L A K K L A K L A L,1
G L L D I V K K V V G A F G S L,1
G L F D V I A K V A S V I K K L,1
F L K L L A G L L K N F A,1
V S G G A R A M V A A A F G L S L D S P E V E P L R Q E F L D R Y Q E,0
G R T V T S L E E A L S A V E E T G F P A I I R P S F T L G G T G G G,0
G F M D T A K N V A K N V A V T L L D K L K C K I T G G C,1
K W F K K I P K F L H L A K K F,1
Y A I D T I L A E I K N I N A,1
K M V E E H D S I P E D,0
I I K L I Q D F P R I I N R A A D N F E P S I I A K F A I S,0
F A K L L A K L A K K F A L,1
K R F K Q D G G W S H W S P W S S C,1
A D D L L N E R Y E A V G,0
C I P M A W A V S W P H P,1
G L P V C G E T C F G G T C N T P G C T C D P W P V C T R N,1
F L S G I V G M L G K L F,1
T N F E E L E S S H F C P C V R L R A Q T Y E L Q E S N V R L K L T I V N T V G F,0
G L F K V L G S V A K H L L P H V V P V I A E K,1
P L L E R A T R D G L D W R A L A D R E I D L F R E D M T A L R M,0
F G G L S W I T K V I M G A V L I W V G I N T R N M T M S M S M I L V G,0
G L L G P L L K I A A K V G S N L L,1
I I E G K L F P M K A L G Y F A V V T G K G N S S E S I E A I R E Y E E E F F Q N S K L L K T S M L,0
A T Y Y G N G L Y C N K E K C W V D W N Q A K G E I G K I I V N G W V N H G P W A P R R,1
P R F W E A W L R L M E,1
G G R G G F D S R G G A R G G F G G R G G S R G G P R G G P R G G A R G G R G G A R G G A K G G,0
S E V L Q E R A F V D L A S K C Q A V I C C R V T P K Q K A L I V A L V K K Y H Q V V T,0
W K L F K K I P K F L H L A K K F,1
V A K L L A K L A K K L L,1
Y K Q C H K K G G H C F P K E K I C L P P S S D F G K M D C R W R W K C C K K G S G,1
V N V E A L Q K V V D E S,0
S C P E Q R Y I P L E G N,0
I D A R N L P S Q L Q R F P E L L Q E V R D N H I N C D V L,0
K W K V F K K I E K M G R N I R N G I V K A G P A I A V L G E A K A L,1
T A D R K S A S K P I G F E G D L R G Q S S D L P E R L H S Q E V D L A S S,0
L K L K S I V S W A K K V L,1
F L S F P T T K T Y F P H F D L S H G S A Q V K G H G A K,1
G L P V C G E T C F T G T C Y T N G C T C D P W P V C T R N,1
G F G C P N N Y Q C H R H C K S I P G R C G G Y C G G W H R L P C T C Y R C G,1
Q D H Y N F E M L N L P K S H P A R D M Q D S F Y I T D E I L L R,0
G T G L P M S E R R K I M L M M R,1
K W K L F K K A L K K L K K A L K K A L,1
E G G G P Q W A V G H F M,1
S P T T T A A E K L E L L K A V R E E V G D R A K L I A G V G T N N T R T S V E L A E A A A S A,0
G L L S V L G S V A K H V L P H V V P V I A E H L,1
F L P A I V G A A A K F L P K I F C A I S K K C,1
F F G H L F K L A T K I I P S L F Q,1
G R K K R R Q R R R G G W M W V T N L R T D,1
F L G A L I K G A I H G G R F I H G M I Q N H H,1
T S F A N A G Q V S P G Y A S P,0
G L L S V L G S V V K H V I P H V V P V I A E H L,1
C S T N T F S L S D Y W G N K G N W C T A T H E C M S W C K,1
D S A I E V E A H E E E R P S S R R Q W E Q Q G E L I S P R Q W,0
G M W S K I L G H L K R,1
F L P I L A G L A A K L V P K V F C S I T K K C,1
R H L Q Y F I A V A E E L H F G K A A R R L N M T Q P P L S Q Q I K,0
Y A A I P L G A A I G A L T S G Q L A H S V R P G L I M L V S T V G S F L A V G L F A I M P V,0
F A K L L A K L A K L K L,1
P I E H G I V T N W D D M E K I W H H T F Y N E L R V A P E E H P V L L,0
C I A N R N G C Q P D G S Q G N C C S G Y C H K E P G W V A G Y C R,1
A S I I K T T I K V S K A V C K T L T C I C T G S C S N C K,1
I R E L M A S E N W E A Y F A E C D R D S V Y P E R F V K A L A D M G I D S L L I P E E H,0
K T P I A Y R G N I D P S V I P I Q K D G M A V C K R C G A I G V K H T F Y T K S R R F C S M A,0
P R F W E Y W L R L M E,1
V E C Y G P N R P Q F,1
E R Q R K D M T I A V C P G S Y D P V T A G H L D V I E R S A R F F D E V H V V V A V N,0
F W G A L A K G A L K L I P S L F S S F S K K D,1
K I L V V N N Y G Q F N H L I Y R S I K D R V E A R M I S N E T P V E D I V A D G L I L,0
L A V K D M A G T L K P T A A K Q L I S A L R R K F P S L P I H V H T H D S A G T G V A S M V A C,0
D C Y C R I P A C I A G E R R Y G T C I Y Q G R L W A F C C,1
R A T E H Q L L I Y L R V A T W N Q I L D P W V Y I L F R R S V L R R L H P R F S S Q L,0
P E M T P E Y C Q I V S E R Y I E L Y E T I V G E Q F I R A,0
Y E R D P R Q Q Y E Q C Q R R C E S E A T E E R E Q E Q C E Q R C E R E Y K E Q Q R Q Q E E E,1
P A W R K A F R W A W R M L K K A A,1
V A L A L K A L K K L A K K L K K L A K K A L,1
F V D L K K I A N I I N S I F G K,1
Q Q A Q V K E A V V A V I E E A N G,0
K V E A S K E L W G K I V G T I D T A E K F E A K R L T L A R R E W A R M R A S,0
L P D V S K K D K K E L R E K G V E S R R S V A A S,0
F L P I I G K L L S G L L,1
A V D L A K I A N K V L S S L F,1
D K L I G S C V W G A T N Y T S D C N A E C K R R G Y K G G H C G S F W N V N C W C E E,1
R N I V I A L N K I E L V D R,0
I N Q K G K N V K C I Y V F I G,0
V H A D F E N V K K R,0
F A I L L L L I I V V L I V V F T,0
F L G W L F K W A W K,1
G L F S V L G A V A K H V L P H V V P V I A E K,1
S Q N V G L T I T V T P C W C Y G S E T I D M D P T R P K A I W G F N G,0
K N W K K I L K K I I K V V K,1
P R A W E Y W L R L M E,1
S Y V F M A L V R V S C M L A L L L I A G Q G Q A A P V K T E G S T L G L L G G G F G G S V G L S A,0
A G S S L K T G A K K I I L Y I P Q N Y Q Y D T E Q G N G L Q D L V K A A E E L G I E V Q,0
G E Y C G E S C Y L I P C F T P G C Y C V S R Q C V N K N,1
A T C D L L S M W N V N H S A C A A H C L L L G K S G G R C N D D A V C V C R K,1
R R R R R R R R G N L W A A Q R Y G R E L R R M S D E F V D S F K K,1
F I I T G L V R G L T K L F,1
F L P I L G K L L S G I L,1
Y L Q I R Y G T D E T N F Y Q I K S W T D N D Y L D V I K K I C I D L G,0
K W K K L L K K P P P L L K K L L K K L,1
M R K E F H N V L S S G Q L L A D K R P A R D Y N R K,1
A C Y C R I P A C F A G E R R Y G T C F Y L G R V W A F C C,1
E Q T D L F R S D M T Q L R I L P P E F F V G A M E T I D E V V E M V S T L L,0
F A L K A L K K L K K A L K K A L,1
A D H P F L F L I R H N V T N T I L F D G R F Y S P M D S L T K S I N Q F A L E F S K K,0
S F Y L R T R K D I G E I Y E R G K V N F F E T K D P L S K I K E V V K K F I P Y H D E R L P R,0
A C N F Q S C W A T C Q A Q H S I Y F R R A F C D R S Q C K C V F V R G,1
Y R H N D I T F S I T Y T F Y E,0
A C D T A T C V T H R L A G L L S R S G G V V K N N F V P T N V G S K A F,1
V I P I K P S S S T L F T P S V L D S C L H S S V G L V D E Q C,0
Y G M G L A A S M G Q F L L S A G T,0
L L G D F F R K S K E K,1
F L S L L P S I V S G A V S L A K K L,1
H M R H G Q K R L L M P V R,0
E G T I V S V S D G V I R I H G L A D C M Q G,0
G I G D P V T C L K S G A I C H P V F C P R R Y K Q I G T C G L P G T K,1
R Y F Y S Y H G F D Y F N F N,0
K L L K L L L K L Y K K L L K L L,1
G A C F S I A H E C G A,1
E S Q P Y E Y R D S V L P P S V S A R V A V,0
A G Q S G F K G S R K S T P F A A Q,0
A V A P R L K S A R A A L Q R R H P G V R P V I G V N I G K S K V V E,0
D S G N T S S E S R D D S T K E D S N M K V Q I T N S R T E E I L K V Q A N N E N D E V S K A T P G,0
V D P C E G T N L V A Y G Q N G S M A V L A I S E K G G,0
F K L G S F L K K A W K S K L A K K L R A K G K E M L K D Y A K G L L E G G S E E V P G Q,1
Q Q V H A Y F E Q H I P L L S S F T E K K E A L S L F A Q Y,0
S I N T A A V N L L D K V G F E L V L E V G K K V G L D N L K P,0
G S I P C G E S C V F I P C I S A V I G C S C S N K V C Y K N,1
V K L Y H S F S I P L M R T R E K L L K M L M D V E I W R E A L,0
F F G W L I K G A I H A G K A I H G L I H R R R H,1
G L F G K L I K K F A R K A I S Y A V K K A R G K H,1
V N W K K I L P K I I K V V K,1
N E E T T D V D E V T N K R I M T S G K R S F I N A D L V S I I A A K R S K L K R L S I S N G D V,0
F A L A L K A L K K A L,1
V H K F E H W L N Q L K V A P L I T K I R N Y A D E I R E Y Q L E K L F N Q M P Y L N E K,0
A Y E G H Y L A L K Y L I P V T S K H A I Q K S,0
S S N K S N K S N K S V K K S V P K I N K S S K L N L S S S G S D N,0
F A L A L K K A L K A L K K A L,1
D G K W V Q G V T V Q S L W N Q T L E K M R V P A Q A T I A V L A S A V,0
L Y L A F F C F G W Y A L H,0
G I I E G L T E F L P V S S T G H,0
G S F Q A Q W Q E S H K R L S F N Q I S L T A N D S T L S G Q A Q V T L T E K P E W,0
G G D N L S Y I A P S M V N,0
A Q C G A Q G G G A T C P G G L C C S Q W G W C G S T P K Y C G A G C Q S N C K,1
A I K L V Q S P N G N F A A S F V L D G T K W I F K S K Y Y D S S K G Y W V G I Y E V W D R K,1
K W K L F K K I P K F L H L,1
C G E S C V W I P C V T S I F N C K C K E N K V C Y H D K I P,1
A L W K N M L K G I G K L A G Q A A L G A V K T L V G A E,1
R R Q K M S S T E L R R T A L D A T H R A L G A T M T D F A G W D M P L R Y G S E,0
K W L R R V W R W W R,1
G L I S A E P T A A E L A K I T E Y L P L V Q D R L K L L S E A P E,0
G D D L T V T N P K R I A K A V Q E K S C N C L L L K V N Q I G S,0
G L F D I I K K I A E S I,1
I L G P V I S T I G G V L G G L L K N L,1
G V K C S K E V A T A I R G A,0
E P T S G L D S T N A F M V V Q V L K R I A Q S G S V V I,0
G I P C A E S C V W I P C T V T A L I G C G C S N K V C Y N,1
G G I N L E D I K A P D C F,0
G K W M S L L K H I L K,1
P T M D A A E A F K S I K Q Q V N,0
K V D I E I N S V T D N P I I C K D G H V I S G G N F H G E P M A Q P F D F L G I A I S E I G N,0
A K C I K N G K G C R E D Q G P P F C C S G F C Y R Q V G W A R G Y C K N R,1
A R D L V A L T N E A L S I S I T Q K K S I I D T N T I R S A L H R Q T W D L R S Q,0
N P I I Y C C L N K R F,0
A I G K F L H S A K K F G K A F V G E I M N S,1
V R R F P W W W P F L R R,1
F A K L F A K A F K K A L,1
A F G M A L K L L K K V L,1
F D T V V G R D T L I E P N V V,0
L L T R A V E P G S M L S A G S T V L T,0
E K R M Q E L A K R D E P V T R R V V S R D E A V S Y F R S I G E K Y K A E I,0
Q L R L V L I G A P G S G K G T Q S T D L K,0
S W K L H L R G Y R I K Y E P L A M C,0
K K K F P W W W P F K K K,1
G L F V G L A K V A A H N N P A I A E H F Q A,1
N S K K S S K L N N L N F A I T G S L S I S R D E F K K I I L,0
G F M K Y I G P L I P H A V K A I S D L I,1
L A R R Y F S S Q L V,0
F L G M I P K L I K K L I K A F K,1
A H F Q P G D A V L E T D I A S F D K S Q D D S L A L T A L M L L E D L,0
L D D Y N H L V T L C N G T Y E G L L R R N Q M G R N S M K L P T L K D I R D C L S L,0
I G G Q P V E Q P F I I I G Q V,0
F L P F L A S L L S K V L,1
A L W K D I L K N V G K A A G K A V L N T V T D M V N Q,1
F A G N S I S S S Y L H D L I,0
P S A A H Y V F S K H G W S L W Q E I T I S S K F R G K Y I S I M P L G A I H L E F Q,0
L S G K G P E K E I L V T L E V D K I K V T I D K E K,0
K W K L F K K I G I G A V L K V L T T G,1
F A K L W A K L A F G K G I G K V G K K L L,1
T Q G L P R I Q E I F E A R N P K G E A V I T E V K G N V V E I E,0
R C T Y N I G S M K S G C A C I C T Y Y M A V I D D F E K L D I R T G T I V K A E E F P E A R V,0
E L P K L P D D K V L I R S R S N C P K G K V W N G F D C K S P F A F S,1
S P L G Y G F A V R N S G,1
G L F D K L K S L V S D F,1
L Y C K N P V I H Q L P E L Q Q N F L G G S M K L G S C P C Y L E S G S K I F S I Y Q Q S I I H E R,0
L I V R D G E G A T K F V T I R V V E A A S E E A A R K I A S T I A R S P L V,0
R L T W F K K W T K V L N H D F K N A K V E W,0
Q L T G Q A V L I R F R R M L G L Y A F F Y A S V H L T A Y L W L D L R G F W T Q I F E E I V,0
M V D H E G N K V D G D Q I M Y I I A R E G L R Q G Q L R G G A V G T L M S N M G L E L A L K Q L G,0
P A W R K A A R W A W R M L K K A A,1
G I G K F L H S A K K F G K A F V G E I M N S,1
K V K E K Y L Y L F E P G L,0
F A L A L K A L K K L K K A L K K A L,1
P N E V N R L A H L R L H,1
A L W K D I L K N A G K A A L N E I N Q L V N Q,1
A T R S Y G N G V Y C N N S K C W V N W G E A K E N I A G I V I S G W A S G L A G M G H,1
F A K F L A K F L K K A L,1
V A T Y T N S S Q P F R L G E R S F S R Q Y A H I Y A T R L I Q M R P F L E,0
F D I V K K V V G T I A G L,1
G F L S I L K K V L P K V M A H M K,1
C L A G R L D K Q C T C R R S Q P S R R S G H E V G R P S P H C G P S R Q C G C H M D,1
L P Y H L A T L S Q A A A E V A L E H S A A T L Q T V A K L R Q E R D R V V A R L R E L G Y,0
V E K A G I Q D V L T K S W G S S N P V N I V K A T L D A L E Q L E T P I L A A K K R G I S L N,0
F F S A S C V P G A D K G Q F P N L C R L C A G T G E N K C A,1
F V L P L V M C K I L R K C,1
G I G G K I L S G L K T A L K G A A K E L A S T Y L H,1
F A L A L K L A K K L,1
P K G M Y Q V G L P S Q K T L Y Q L Q A E R I R R V Q Q L A D Q R Q G T H C T V P W Y I M T S,0
N T P P H I K P E W Y F L F A Y A I L R S I P N K L G G V L A L V L S I L I L A L V,0
G F G A L F K F L A K K V A K T V A K Q A A K Q G A K Y V V N K Q M E,1
D I S E D L L K L I Q Q R K V T R L K I D K E K M K G K L D E I N N K L N D I L Y L R V L I A T,0
F N V N A D T F A G A V A G A L K A K R L L L L T D V P G,0
S W L S K T A K K L E N S A K K R I S E G I A I A I Q G G P R,1
L K E K E F A D K F R L A T Y N D N P,0
K I L R G V A K K I M R T F L R R I S K K I L T G K K,1
K S C C P N T T G R N I Y N T C R F G G G S R E V C A R I S G C K I I S A S T C P S D Y P K,1
S E H F A L D V I V G P D E T K H A E L I V V K E L D R E I H S F F D L V L T A Y D N,0
H G V S G H G Q H G V H G,1
D E G K A E M D S M M,0
S S P T Y P E E E T V Q V N L P V S L E D L F V G K K K S F K I G R K G P H,0
E G I K E A D I T P A H G P I K K M D Y D A V S G T H S W R T K R N R S I L,0
R S R M I C T G G K K L E H S I N K K L T S P K K S L L D S P H D T S P V K E T I A R D K D G S V,0
T E A D R I L S D A K A Q A D R M V S E A R Q H S E R M V A D A R E E A I R,0
K W K S F L K T F K S A K K T V L H T L L K A I S S,1
T N D K I W R L P L S L E Y E K E L H S N F A D L S N V G R G K A G A I T A S C F L A Q F S K K,0
P V D I A T H V A Q K L T G L P E N Q I F G S G T N L D S A R L R F L I A Q,0
L S D A A T K V E G L E A L L Q S L V Q V L G S T D V N V V T C A A G I L,0
P L A K I W H E I N C R V Q E T,0
R N D V P M A G P L V A G G L L I A,0
K S C C P S T T A R N I Y N T C R L T G A S R S V C A S L S G C K I I S G S T C D S G W N H,1
F A S L L G K A L K A L A K Q,1
F G L P M L S I L P K A L C I L L K R K C,1
G L F G V L A K V A A H V V P A I A E H F,1
R R R H V F S Y V P S S V Q I K E T A P G N I K K H Q S S I E T R L F D R N M L R L V A F E,0
F L P V I L P V I G K L L S G I L,1
V A K K L A K L A K K L L A L,1
G L P V C G E T C V G G T C N T P G C G C S W P V C T R N,1
G L L G L L G S V V S H V V P A I V G H F,1
C T G A A G G T G C T G T C C C A G A T,1
F P D D I A E Q L G M N P S K N Q V R L Y D G R T G E M F E R R V T L G Y M H Y L K L H H L V,0
G I G T K I L G G V K T A L K G A L K E L A S T Y A N,1
D K L G F G I Y N V H N G F D P A S I E Q A V A V L D T H G V Q A D A Q T L,0
E F T N V S C T T S K E C W S V C Q R L H N T S R G K C M N K K C R C Y S,1
V K Q L L S S E N K S I G K Y E Q E L Q V L G S,0
M W K W F H N V L S S W Q L L A D K R P A R D Y N R K,1
A I K T L K A G Y S E K Q R R D F L S E A S,0
V N W K K I L G K I I K V A K,1
A G W D L L V V D E A H H L V W H P E S A S A E Y R L V E Q L A E V I P G V L L,0
M R K W F H N V L S S G Q L L A D K W P A W D Y N R K,1
H S H R D F Q P V L H L V A L N S P L S G G M R G,1
E M H K V G L P D Q T Q I E M R K M L N Q K E S N Y I R L K R A K M D K S M F V,0
P R F W E Y W L A L M E,1
W F K K I P K F L H L L K K F,1
F L P P S P W K E T F R T S,1
N S T D Y L Y P E Q L K M T V V K L I S H R E C Q,0
F L P I L A S L A A K F G P K L F C L V T K K C,1
F L G A I A A A L P H V I N A V T N A L,1
P A W R K A F R K A W R M L K K A A,1
A L K C G Y D S T S Y F I Q C F K K Y F K T T P S,0
F A K K L A K K L A K L A L,1
N T L L S H F L G L V C S L E L L R S V T V P N S E S V V V P K V A M E S,0
A P A G L V A K F G R P I V K K Y Y K Q I M Q F I G E G S A I N K I I P W I A R M W R T,1
T D L G K V T M I K T A D L K V I L G K F Y R D D D R D E K,0
I N S F D Q W G V E L G K I L A R P I E A E L T G T A T,0
I I E S L F W K Q T K R S Q T S Y T R N I C L V N I A V S L L I A D V W,0
F L G L L F H G V H H V G K W I H G L I H G H H,1
V G D V A K A Y K K A G V S G H,0
Y F K A I G V L L A T C I I G F Y V L T Q L L S I L A N W W I S I W T N S Y G G N G N G S G S,0
S E P Y D H N N A I L E I H P G S G G T E A Q D W G D M L L R M Y T R Y G N A,0
F I H H I F R G I V H A G R S I G R F L T G,1
G G L R S L G R K I L R A W K K Y G P I I V P I I R I,1
C Y S A A K Y P G F Q E F I N R K Y K S S R F,1
R S S Y G A G A S A F P A P M A G L Y N V N S A I Y,0
Y S P Q M G F E G A N V L F D S W V H P L M M G L E E H,0
G S I P C G E S C V F I P C I S A I I G C S C S S K V C Y K N,1
S V K P E N V K D Y M A C P D V D G A L V G G A S L E A D S,0
R K K K E L E E Q R K L G N A P A E V D E E G,0
K W K L A K K A L A L L,1
R Q Q R E V I Y K Q R F E V I D S E N L R E I V E N M I K S,0
G K W K K I L G K L I R,1
Y V P G C P P T A E A L V Y G V I Q L Q A K I R R T N T I A R Q M S I E G,0
H W E P A M Q A Y I A D L L A G K D G P,0
I G G P A Q R P A G L,0
G K W M T L L K H I L K,1
L L N Y P V L M A A D I L L Y N A D L V P V G N D Q K Q,0
R A G L Q F P V G R L L R R L L R R L L R,1
A C D C R G D C F C G G G G I V R R A D R A A V P,1
C A G A G T G G G A G A G G C A A G A C,1
G F S V S Q R C F V L Q P K E K I V I S V N W T P,0
G L P T C G E T C T L G T C Y V P D C S C S W P I C M K N,1
K K K F P W W W P F K K K C K K K F P W W W P F K K K C,1
D Q V L H T N D L V S S D N C Y F V,0
H S G G P C A L W A P G P D G Y R Q T K P C H G Q E P H G A A T Q G P L A K P R Q E,0
L L A G L A A N F L P T I I C K I S Y K C,1
R F N T A V A K L I E L N N L,0
F L S L I P H A I N A V G V H A K H F,1
K K L I A G P S V F I C D E C I D L C N E I I R D E A A A A,0
F W G A L I K G A A K L I P S V V G L F K K K Q,1
F A L A L K A L K K A,1
M L G S S I G I S I A Y N D T Q I E K C I E E A,0
G K W M S L L K H I W K,1
F F P I V A G V A G Q V L K K I Y C T I S K K C,1
I N E H R F L V A L Y T S R S R R F Y C G G T L I N Q E W V L T A A H C D R K N I R I K,0
K T N V N F I T T Q V T E P R N D L N D V P K S E H N M,0
R G V R Y V L N D V V K R T A G V N D I H P H K L R,0
K L L E D D N K L L S Q H S T S G E L R T L,0
C Y C R I P A C I A G E R R Y G T C I Y Q G R L W A F C C,1
P A A R K A F R W A W R M L K K A A,1
F G K G I G K V G K K L L,1
G I I K K I I I K K I I I K K I I I K K I,1
F F G A I A A A L P H V I S A I K N A L,1
V N W R R I L G R I I R V V R,1
L G A I G V V E T T H P V N M A A L Q K F F V,0
G L F D I I K K V A S V V G G L,1
F N R G G Y N F G K S V R H V V D A I G S V A G I L K S I R,1
E S V F S K I G N A V G P A A Y W I L K G L G N M S D V N Q A D R I N R K K H,1
L S V A C F Y G G T P Y G G Q F E R M R N G I D I L V G T P G R I K D H I Q N G K L D L T K L K H,0
V G P F N P G R M N V A G D V F Q N G E S A T H H N P D S W I S Q S A S F P R N,0
G I I K K I I I K K I I I K K I,1
R K A V L L E E Q G I E W K P E D T A R P S G P R E G G R R D G G R D G,0
C G E S C V F I P C I T S V A G C S C K S K V C Y R N G I P,1
A K W V G D L T L C R W R,1
S E V T F I D D K E R T M G E E Q V Q E F K L K E D C E L R,0
P A W R K A R R W A W R M K K L A A,1
K W K S F L K T F K S A K K T V A H T A L K A I S S,1
K D Y V D V F V F A V L G V A S F L A L W F V I E R,0
R R M A E L H V E A G W M P S N,0
A L I A P G N R H T L L R R S G A R Y H V E V R D G P L V C R H R P S V D V L F R S A A R Y A,0
G L F A V I K K V A S V I K K L,1
V Q D N R C M D R R F L P G K S K Q L I A L A S F P G A G N T W A R H L I E L A T G F,0
P P E D C V T T I V S M G F S,0
A V Q P L L L G R I I A S Y D P D N K E E R S I A I Y L G I G L C L L F I V R T L L L H,0
P I L A G P S F W T L S H Q Q L S S T S F K D E D K T A,0
F I S A P I K C F A D S A P N L M W G L L H G E S E R V D S E E N I E T C M R Y,0
Y H W Y G Y T P Q N V I G G G K L L L K L L K K L L K L L K K K,1
M W K E F H N V L S S G Q L L A D K R W A R W Y N R W,1
A S R E K L E Q S K M S K F V F V T G G V V S S I G K G I V A A S L G R L L K S R G,0
S T L L Q E G E D K G K T V I P R N T S P I R F K P P R R W M S A R P E P I T L Y V D,0
F R G L A K L L K I G L K S F A R V L K K V L P K A A K A G K A L A K S M A D E N A I R Q Q N Q,1
E F L S K L R P N V E P V I Q A E I D G I L D G L F I L P S,0
F A K A L K A L L K A L K A L,1
W Y R M N N H P D G P S,0
I Q L A P M K T I V R G N K S C K E T S I N G L L E,0
N V K S K I Q D K E G I P P D Q Q R L I F A G K Q,0
V Y I N K L T P P C G T M Y Y A C E A V,1
F L P I V A K L L S G L L,1
F L K L L K K L A A K F L P T I I C K I S Y K C,1
G V P V C G E T C F G G T C N T P G C S C D P W P V C S R N,1
T E I A R G T A D D V E R A L D A A H E A A P G W G R T S V T E R S D I L L K I A D,0
K P L D D T L I L E M A,0
R G K D V R C F V H N L E E L M I R A L A E F N I R G E R R E G R V G I W V A R,0
I M R R L F T S E S V T E G H P D K I C D Q I S D A V L D A I F A K D P N A R V A C E T A V T T G,0
P W Y L T L L V L F G A S L T A C T L T,0
G L F V G V L A K V A A H V V P A I A E H F,1
G V P I C G E T C V G G T C N T P G C S C S W P V C T R N,1
G I P C G E S C V F I P C L T S A I D C S C K S K V C Y R N,1
D R R Y A G L E D S L I P D A E N L K V T L E R A L P,0
E Q C G R Q A G G K L C P N N L C C S Q Y G W C G S S D D Y C S P S K N C Q S N C K G G G,1
C G E T C V G G T C N T P G C T C S W P V C T R N G L P V,1
P H L V I P E I E A I A T Q T L V E M E A E G L N,0
F L G S I V G A L A S A L P S L I S K I R N,1
G L P V C G E T C F G G T C N T P G C S C D P W P M C S R N,1
G L F D I V K K I A G H I A S S I,1
V D E Y E E I L Q N E L N K A K K K R K K N K R E D,0
G M W K K I L G H L I R,1
G T A S V A R A W S S A F D N L I G N H I S K T L Q G S I A L H V P H V L A E Y P,0
L W L C S V L V Y V A Q A V P G K F L L Y M A A F C T T F W A W P R E T A S S L I R I V T T P L,0
F A K L L A K L A K K E L,1
D Y D W S L R G P P K C A T Y G Q K C R T W S P R N C C W N L R C K A F R C R P R,1
F F P N V A S V P G Q V L L K K I F C A I S K K C,1
N Y M M R D H G G F E G N G Q T F R I L S K L E P Y T L D F G M N L C R,0
G R V H F T P A N L C S K L H R A I E H E A T R R T L S T L F A D P A R,0
G I G K F L K K A K K G I G A V L K V L T T G L,1
H F E T V R K S F D K I W D N,0
V N A L Q F E A S V M D G P V I N S R A G L Y I Y I N A M L V,0
I L N G L D E I D F T L Q H Y K K I K K,0
Q H L V T T K I L Y R Y A S K S K F N Y D L S S N K I F H E P Y P Q D R S N,0
F L P I A L K A L G S I F P K I L,1
F M G S A L R I A A K V L P A A L C Q I F K K C,1
R D G G L A V L Y G N L A P N G C I V K T A G V D A S I L,0
K K A T V E D F P L C V H L V S D E Y E Q L S S E A L E A G R,0
K W K S F L K T F K S A K K T V L H T A L K A I S S,1
L S K Q L G G E A L V S L I V E E S H T C Y Q G E R G Q L H A W G H G C G T C,0
F L S L A L A A L P K L F C L I F K K C,1
V N W K K L L G K L L K V V K,1
V E G F Q L S N T V G D V Y K E Y R N F C V P A V S P D M V V,0
M K D L D A F E N E T A K K V K L Q N I L,0
C Y G S E T I D M D P T R P K A I W G F N G T E R P G A V,0
C G E S C A M I S F C F T E V I G C S C K N K V C Y L N S I S,1
F A K L W A K L A K K L,1
F L L F P L M C K I Q G K C,1
A T P A T P T V A Q F V I Q G S T I C L V C,1
A R S Y G N G V Y C N N K K C W V N R G E A T Q S I I G G M I S G W A S G L A G M,1
G I I C D R C N V E V T H F K V R R E R M G H I E L A A P V A H I W Y Y K Y I P S R I G L L L,0
D H Y N C V S S G G Q C L Y S A C P I F T K I Q G T C Y R G K A K C C K,1
V D V S D K A A I A H V A T V S A Q D S T I G E L I A E A M E,0
P D E D A I N N A L N K V C S T G R R Q R S I C K Q L L K K,1
K W K S F L K T F K S A K K T V A H T A A K A I S S,1
K W K L F K K I L K F L H L A K K F,1
F L S I I A K V L G S L F,1
I H S F I H I F M I C L V M E N N E A P S P S G S,0
Q G N R V T P S F V A F T P E E R,0
S R E L G F Y L Q K G L F E E Y,0
A L L G D F F R K S K E K I G K E F K R I V Q R I K D F L R N L V P R T E S,1
P L L Q A T L G G G S,1
D F G C G Q G M I F M C Q R R C M R L Y P G S T G F C R G F R C M C D T H I P L R P P F M V G,1
L A E D I L K L S D L N I K P I L E R N D Y I H L T I C T D V F H I T C A P G V S A P Q T,0
F L R F I G S V I H G I G H L V H H I G V A L,1
F A L A L K A L K K L L K K L K K L A K K A L,1
S N S K Y P F L G S L R S A A Q M I S Y E V S I G L I I I G V I L S T G S M,0
F A G L A A N F L P T I I C K I S Y K C,1
K S C C K N T T G R N I Y N T C R F A G G S R E R C A K L S G C K I I S A S T C P S D Y P K,1
N I S V G I Y Q N T E E A F T V P L I P L G L K E T K D I D F S V I L,0
P R F W E Y A L R L M E,1
L H K K L F Q I D Y L S T L S N K I I V S L L Y H,0
F F P V I G R I L N G I L,1
F A K K L A K K L A K A L,1
R R Y H D W G A V D A K A G S L R R V V D L Y M G K I T F Y E D R G F Q G R H Y E C,0
R G D L L R H V V K I L S K Y L,1
F A K L L A K A L K K A L,1
G A I K D A L K G A A K T V A V E L L K K A Q C K L E K T C,1
P A R I S A G D V G V,0
E S H R L P L L P E I S G M F D,0
K A Q I R A M E C N I L,1
V I A Q C T V D Y V G R L T A H L P S A R R L L L F K A D G S V S V H A D D R A Y K P L N,0
T G T P F E A L V R Q K V P A K P,0
R G S K P T A D G L G M L V A Q A A H A F L L W H G V L P D V E P V I K,0
F A K K A L K A L K K L,1
F A K L L A K L A K K A A,1
G I G K F L K K A K K F A K A F V K M N N,1
D G R F E L L K G L D P S K D Q S Y F L,0
G L P V C G E T C F G G T C N T P G C S C T W P I C T R D,1
G I S K A I Y Q T L S G Q P E A Y E S P R,0
K A E E E A R R K L E E E A R R V A E E A R,0
S I L H P I D Y A F N E Y F L Q H Q L V E P L N N D I I F,0
F L S S I G K I L G N L L,1
R F Q A C R F G L A G E Y V D P A T G N,0
Y A L H H P Q M S P K E E V L A I G V A A V S S F L K K K A A E,0
I V L G C L K V A Y F I G F S E C L S A T E G V F P V T H A V H,0
M G F I I G L T S A A I L M M L R,0
F A K L L A L A L K L K L,1
K W K L F K K K T K L F K K F A K K L A K K L,1
F L P L V T G L L S G L L,1
L Q N C K I V V R K P N K G Q T C M V T A Q G R S N V R E S T G L V L H G C H,0
Q G P G K P L F M T G P A T H V F D G Q L S C M H F H F S K M H G L G N D F M V V D C I,0
F A K L L A K L A K K V L,1
G G D P L M T R I V G T G C A L S A V V A A S C A L P G A A L D N V A S A C C W M K L A G Q,0
G W L K K I G K K I E R V G Q H T R D A T I Q T I G V A Q Q A A N V A A T L K,1
S P N V Y T E K K E I A I L R E R L T E L E R K,0
I K K R K P T I N S Q R Q Y S V D D K E D I T T T D P E R S L L E P L P N S G G R N,0
E A A L K Q G A K V M V T S H L G R P T E G E Y N E E F S L L P V V N Y L K E K L S S P V R L A K D,0
T C C A T G A C G T T C C T G A C G T T,1
K A A K K A W K A A K K A A K W W K K A A,1
F A L R R A A L G V L R I I V E K N L S L D L Q T L T E E A V R L Y G S K L T N A K V V D,0
I D W K K L L D A A K Q I L,1
G S E G P L K P G A R I F S F D G K D V L R H P T,1
R Q L L I I D N F V P I E V K Q R L Y T Q A K Y D E E Q E E W K F S S,0
V W Q G L R E Q R G W L W A G A G V I A L G A Y G F V A A F Q P D A N F G R V L A A Y,0
E L I Y K R N E R M G K R V M A L L R E N E D K I C F F A F G A G H F L G N N T V I D I L R Q A,0
C G E S C V F I P C I S T L L G C S C K N K V C Y R N G V I P,1
D N E T V G Q E G V L E V L P Y T E A T T A A E I E T C M R K I I A E S S E G L V I K D P T S V Y R,0
G Q P I R S D G P E S H Q T K A G T P T M,0
K I L R G V C K K I M R T F L R R I S K D I L T G K K,1
M G V E A L A E Y L V,0
Y V L D V S D A E A V E A F A E R V S A E H G V P D I V V N N A G I G Q A G,0
A M W K D V L K K I G T V A L H A G K A A L G A V A D T I S Q,1
F L P I I A G V A A K V L P K I F C A I S K K C,1
Q I R T M K A Q Q P P I R I I A P G R V Y R N D Y D Q T H T,0
F L G G I L N T I T G L L,1
G L F D I V K K L V S D F,1
P Q R L T M S G I L T R W R Q F G K R Y F W P H L L L G M V A A S L G L P A L S N,0
S I P P D E V I P V G A A I Q A G I L L G K E N T D L D,0
F A K K L A K K L K K L A K K L A K,1
F E D G T L N L A A N C L D R H L A E R G D Q T A I I W E G D D P N Q S K T V T Y K,0
L V N I L Y A P G L L F L R N V C Q M K P S L S E R N I L L E E G P K G L Y D,0
K A A K K W A K A W K K A A K A W K K A A,1
W R Y G K V G C I S L P L R E M T A W I N P P Q I,0
F A K L L A K A L K K F A L,1
K I A A G M D G N A E V I,0
F K K L K K I A N I I N S I F K K,1
S I I H S M E A I V G Y S P N K S Q N M L L M G G L T K H V P I T K T A F L,0
F K L A F K L A K K A F L,1
A L K A A L L A I L K I V R V I K K,1
N K W K K I L G K I I K V V K,1
D K G P A I K Y R N T P E P V S V S H Y,0
K W K L F K K I P K F L H L A,1
G L F D I I K K V A S V I G G L,1
T H R P P M W S P V W P G G G K L L L K L L K K L L K L L K K K,1
P S T T T A D V D I I L S I P M F L R,0
L N R S M D P K N Y E S G G G H S Q P P L I A Q L P T M Q L P L L P Q V G A H S L S H S L,0
F A K K L A K K L K K L A K K L I G A V L K V,1
G I G Y I L D R Q S T R K S W T R H F V K F G E G Q D E A W R Q W K G I Y H L S M T T C Y A S F I A,0
L L I N K S P E E R A A L A E E R T E G G T P L L I A,0
P K H G K I D A K N A P H V G G N Q W A G G T G G R D T A G L G G K G,0
N V W K K I L G K I I K V V K,1
A R L N S G Y E L R V A E F C D I G D Y,0
G I C L V D F H H K R G P E I E Y W Y G L P E G T Q S A E L W P,0
D A I E A Q A L E C K P K M I I A G G S A I P R Q I D F K R F R E I A D K,0
H L L M G L A G G K L I L S L E G G Y N L R A L A E G V S A S,0
F A L A L K A L K K A L K K L K K A L K K A L,1
V A K F L A K F L K K A L,1
K V K V K V K V P P T K V K V K V K,1
N H F T L K C P K T A L T E P P T L A Y,1
N L D Q L L I V L A T E P Y F S E D L L G,0
L K W V V I T S A S G N E E N Q E M Q V V V V S A D S V N V I S H,0
K A A K K W A K A A K K W A K A W K K A A,1
F P S F S V G E T R P M R G P G R R E I G H G A L G E R A L E P V I P S E K D F P,0
P L L K V L F L L C G F S I M A A L C F L G M G P W G E P E L L V W R P E A V,0
V C S C R L V F C R R T E L R V G N C L I G G V S F T Y C C T R V,1
D P Q G L N S C A D K G C N R G V L T M G W G S G T S K L P Y L I T P Q E A I A N I T P T A E F,0
G K I S I K Q M A S V G F W V N L I S A I I I I L V V Y Y V M P,0
L G W L L L A D L W A E L E P K W,0
K W K L F K K I G P G K F L H S A K K F,1
Q T L R Y C V K D P S S L H L L R L F L H E Y Y S W N T L I T P Q K S I,0
F A K L L A K L A K K L L,1
F A K L F A K L A K K F A L,1
E L F L P I E N P V L T Q L D K L N P D N L T P K Q A L D I L Y Q L I Q L R Q Q K M E,0
V A K L L A K L A K K V L,1
F S T L G W P E Q T K E L K M F H P T D V L I T G F D I I F F W V A R M I M F,0
D K F E N M G A Q M V K E V A S R T S D D A G D G T T T A T V L A Q A I L V E,0
V T G I D K Q Q V G Q V A A,0
V G L G E T V T D R A G L L L Q L A N L P T P P E S V P I N M L V K V K G T P L A,0
A S A G I A E V A T S I K V G A Q A R V D W L P Q E T I L F D R A A L F R R L,0
P A W R K A F R W A W R M K K L A A,1
G L P I C G E T C V G G S C N T P G C S C S W P V C T R N,1
I D M K G E P T R D D R R S R V Q P R Q V Y C F A A A G R R G W D G D W R T A A E G G L L,0
Y G R K K R R Q R R R R E A D F F W S L C T A D M S,1
F L P V I A G L L S K L F,1
A L F S I L R G L K K L G N M G Q A F V N C K I Y K K C,1
F T S V P D A W G I E Q V F P I I P I H R L D E K P S V R G I L S D L,0
D T H F P I C I F C C G C C H R S K C G M C C K T,1
T P G D D Y A A M N Q V L R R R Y G K A I E E S K I P D V I L,0
G F L D T F K N L A L N A A K S A G V S V L N S L S C K L F K T C,1
V K K Y D E N Q E Q D D A C D K S R T D P,0
F K C R R W Q W R M K K L G A P S I T C V R R A F,1
Y K K L N S A V F P G G Q G G P L M H V I A G K A V A L K E A M E P E F K T Y Q Q Q V A K N A K,0
K S C C P N T T G R N I Y N A C R L T G A P R P T C A K L S G C K I I S G S T C P S D Y P K,1
S N V P T V T I A K E E I G L P I L D V M A S T K I I P S K,0
I T C P Q V T Q S L A P C V P Y L I S G,1
T T S A S G L D P D I S P E A A L F Q V P R V A K A R G V P E A S I R T L,0
G L F K V L G S V A K H L L P H V A P V I A E K,1
G F L G F H D F S K F S K K D T R N P W R S I D E V K C H R E S F G V V L E F S A K S F,0
V R K S A W S V C Y S R R P L H I S R S,0
Y L F G L A Q K L G P I Y R I R L G L Q D V V V L N S N K T I E E A L I Q K W V D F A,0
D L R F L Y P R G K L P V P T L P P F N P K P I Y I D M G N R Y,1
D D P A A L I P L N T L N K E Q V I I G H N V A Y D R A R V L E E Y N,0
A K R H H G Y K R K F H,1
W R N R F G L G G F K P V S I G S N A Y K Q A S M L L A L Y A G A D,0
G F G C P F N Q Y E C H A H C S G V P G Y K G G Y C K G L F K Q T C N C Y,1
K W K L F A K I G I G K F L H L A K K F,1
E T L A L L T S Q L R P D S N H R E E M G F L R D,0
D D A L R R L L R R L L R R L,1
G F G S L F K F L A K K V A K T V A K Q A A K Q G A K Y I A N K Q T E,1
G L F D V I K K V A A V I G G L,1
M Q K R S H E G G T C A V Y L L C F N T A K S R E T V R N L M A N M L N V R E E C L L M Q P P K,0
R A R A S A A L H N I,0
D F K L F A V Y I K Y R,1
V T T E V A F A V V C A T C E Q I A D S Q H R S H R Q M V T T T N P L I R H E N R M V L A S T T A,0
K V I P F S A E N R F,0
G L P V C G E T C F G G T C N T P G C A C D P W P V C T R D,1
R I L F D W Y P T S D S T D P V E M R L F L R C Q G,0
V V E A H R L D G L V C I P N C D K I T P G M M,0
M K G K N T L W Q V G T D H A G I A T Q M,0
T R S S R A G L Q F P V G R V H R L L R K,1
R L F D K I R Q V I R K F,1
G L F K V I K K V A K V I K K L,1
L A A L A R A L S E K Y R M V L S A A D K T N V K A,0
G V G S P Y V S R L L G I C L,1
F A K I I A K I A K K I,1
I P C G E S C V W I P C I T A I A G C S C K N K V C Y T,1
L P S P F W Q P L Y S H P P G M H T Y S Q P Y S A R S R L S A I E I,0
R V F S A N S T A A C T E L A K R I T E R L G A E L,0
T E S Y F V F S V G M,1
F L S L I P H I V S G V A A L A K H L,1
G L P V C G E T C F G G T C N T P G C S C E T W P V C S R N,1
C I W V S D G K K L W R H,1
F F G S V L K L I P K I L,1
K F S A K G F P I Y R L E A K F D R N M S S T A P L D S K A T E Q,0
E Q L P S E R E L M A F F N V G R P S V R E A L A A L K R K G L V Q I,0
T V N D Y L A K R D A M W M G P I Y L A L G L R V A V I N T Q N K S Y E V V W K,0
V G E D V E N I V Q K,0
I S Q R I Q T N N N P F H V P I E E Q R G D Y D L N A V R L C F Q V T V,0
F L P F I A R L A A K V F P S I I C S V T K K C,1
P T I I D T L Q E K D Y H Y E D V W P E D V I Y K G Y G G V D C V E A G G P P A G A,0
F S A R L S R N P L G W S R E G L K L M A K L R V F,0
S T G F N L N R K R T Q E L L G F D G L L E,0
L L A T K V V D T I K Q A S N N I V N T T I D R S N L W Q,0
A G C I K N G G R C N A S A G P P Y C C S S Y C F Q I A G Q S Y G V C K N R,1
L G M R P W I C V A Y S A P V A A A S,0
K D S Y T L L H M L D T L R R R A P V R Y E V V A I N I D,0
E L V R S K N P D M D E,0
L R R R S T R R R I N K R G G K,0
A L H A R A V Q L P A S G G D Y V E L A I D T D D A L T S G C D G A A V,0
I E G I P A G L K L S A K D I N E D L K,0
K L A K L A K K L A K L A K,1
F H V G F L V K T M K V L R C V C F F C S K L L V D S N N P K I K D I,0
H K F L Y D L G V V P T K E P F Q K L F N Q G M I L,0
I S I P F I P E T P V R T R I V S,0
D A I C D L V S T G A T L E,0
F I T L L L R K F I C S I T K K C,1
F A L A K A L K K A L,1
F F P L V L G A L G S I L P K I F,1
G I P C G E S C V W I P C I S S A I G C S C K S K V C Y R N,1
A T C D L L S G F G V G D S A C A A H C I A R G N R G G Y C N S K K V C V C P I,1
F L G M I P G L I G G L I S A F K,1
K A G E Q F D I D V T F P A E Y H A E N L K G K A A K F A I T L K K,0
G I P V V A H L G L T P Q S,0
K S S A Y S L Q M G A T A I K Q V K K L F K K W G W,1
R P T G L A R E Q A A Q E E V D I R L H S I I Y K V I E E V E T A M R G M L D P E F K E E I I G,0
K Y P D R Q I V A V F Q P H T F T R T I A L M D D F A A S L N L A D E V F L T D I F S S A R,0
K N V S R T S P N T T N T K V T T R N Y Q R T N S S K P R A A K A H N I A T S S K,0
G K W M S L W K H I L K,1
G F G C P W N R Y Q C H S H C R S I G R L G G Y C A G S L R L T C T C Y R S,1
S P A N T E N A Y F A E V G L V S N,0
A C Y C R I G A C V S G E R L T G A C G L N G R I Y R L C C R,1
F A K K L K K L A K K L,1
A V S I D V R N M P E S P E I F E Q A M Q N L P E C F S P Q L L F L D A D,0
G F K D L L K G A A K A L V K T V L F,1
Q T K P R G D R A R Y L K L A R T N A A T A L T S K L S Q Q S T V H Q R L T A L A S,0
A F T C H C R R S C Y S T E Y S Y G T C T V M G I N H R F C C L,1
M H Q C E I W R E L F S,0
G F K L K G M A R I S C L P N G Q W S N F P P K C I R E C A M V S S,1
G G K T F L Q E N T L D M I S V R R G F S Q L W Y W G K R G V I G I I A L W,0
V A L Q A L T Q R G I P C Y F I H G N R D F,0
F V G L A K V A A H V V P A I A E H F,1
G A T S I P L D V A P,0
Q H G H E E F I Y L S G G I L E V Q P G S V,0
F A Q S A I T I N G W L R D F L W A Q A S Q V I N S Y G S A L S A Y G L M F L G A H F V W A F S L,0
E G I G E G Y T R E D H P Q W N D Q M Y A A Y A E G V D L R G L V A I V G E E A L S E R D R L F L,0
F L G A L F K V A S K V L P S V F C A I T K K C,1
E L C E K A S K T W S G N C G N T G H C D N Q C K S W E G A A H G A C H V R N G K H M C F C Y F N C,1
G K W K S L L K H I L K,1
L A A G V R V S I F T L V G M R L R R V I P N R V V N,0
N Y Q W V P Y Q G R V P Y P R G G L L K L L K K L L K K L L K L,1
L Q Y E P E D P M S S N G D K L L V R S K F,0
F A F G K G I G K V G K K L L,1
K L L L K L K L K L L K,1
G F G K A F H S V S N F A K K H K T A,1
V N W K K V L G K V V K V V K,1
F A K K F A K K F K K F A K K F A K F A F A F,1
G V P C G E S C V F I P C I T G V I G C S C S S N V C Y L N,1
G A K Q D I Q L I N T N G S W H I N R T A L N C N A S L D T G W R N L G K V I D T L T,0
N S M S D V E K A S L P P A I F I M G P,0
F L A L G Q D P A Q N V E S S N C I T L M K E V D G D,0
E P N P D E F F G L M,1
Q A G G Q T C P G G I C C S Q W G Y C G T T A D Y C S P N N N C Q S N C W A S G,1
L L R H V V K I L S K Y L,1
A V D A L Q T A A K H A V A T P V N W K P G E R V V I P,0
K A A K K A W K A W K K A A K A A W K K A A,1
G A M L L K V P L M L T F L Y L F V C S L,0
L F I A V L T L V G S S N A E I S A K M D S R D S,0
C I K N G N G C Q P N G S Q N G C C S G Y C H K Q P G W V A G Y C R R K,1
N E R I H E L D K R L I L M E T V K E K N L L L E E K I T T L Q Q E N E D L,0
K Y K K A L K K L A K L L,1
G D A C G E T C F T G I C F T A G C S C N P W P T C T R N,1
F A K L L A K L A K K S L,1
Y L K R S Q S E R D N Y I T L Y D F D Y Y I I D K D T N S V T M V D K P T E L K E T L,0
F L P L I A G L I G K L F,1
R Q D I L V K P F T A L Y S S T P D P D G Y L,0
L P P F S S S R G K R G I V D E C C Y R P C T,0
F A K K L A K L A K K L,1
L R A N E L V E L L N K N G Y N A S I K E N C N S T S N I V V V N S T P N,0
V N W K K I I L G K I I K V V K,1
K E R K R D H S N N D R E V P P D L T K R R K E E N G T M,0
S E D R M K E A F G L L K T L S M M S N G I V I I G S G F A A R Q L V K N I R K Q D A,0
L V A V G V K E I E A S F P A A S Q T D F D F V R T L I E D,0
K W K L F K K I S K F L H L A K K F,1
K A A K K A A K A A K K A A K A A K K A A,1
R N V L C T S N P Y E S Q L H A E A Y E W A K K I S E H L L P,0
L G T A D M K G F F A F I L D A L R D V D V T K L A,0
F F S L L P S L I G G L V S A I K,1
Y S F Q Y D V M R L L E L E G L S V K F C K V G N L,0
Y S P G R T A R A D L R K A S S T F S P P S P Y S P P N S R P L S S P L D E L A S L F N S G R,0
G R I T K E D I D A Y L N G G S S E E G S N T S A A S E S T S S D V V N A S A T Q A L P E G D F P E,0
A S I A Q V H T A R L K E N G K E V V L K,0
K V N S I K I N K I G E L F G T F N,0
K G V S Q N Y P I V Q N L Q G Q M V H Q A L S P R T L N,0
G W R T L L K K A E V K T V G K L A L K H Y L,1
F A K K L A K L A K K L A K L A L A L,1
F A K L L A K A L K K F L,1
I C N G I A L H S P G F V P Y C A T F F V F T D Y M R G A M R I S A L S E A G V I Y V M T H D S I G,0
G M W S K I L K H L I R,1
E D E D E E E I L D H E M R E I V H I Q A G Q C G N,0
R V E D W G R R Q L A Y M I E K L A K,0
G I G K F L H S A K K W G K A F V G Q I M N C,1
F L P I L A S L A A T L G P K L L C L I T K K C,1
G R D L A R L G R F Y A A A L A,0
A S L S S V T H Q L S Q L E K L G Y L R R D P K R P R A M E V L M P L T L D G G A T G R,0
H I D R E G C G K G K L E D G D G I N L N D I E K V L P A W Q G Y H P M P H E V,0
G G Q S E R F G A P K A F A E I D G K M F Y E Q I I T V L D S M N M F N E I I I S S N E T L A S E,0
G S E H E H S A Q Q P T A L E I M K T F M A K K E E I K R E W Y V V D A K G K V L G R L A S E I,0
F A K L L A K L A K K G L,1
A D F D L D I R M M R F E,0
V A R I D L T E W E T N P E,0
A P G N K A E C E R E K G Y C G F L K C S F P F V V S G K C S R F F F C C K N I W,1
G F F K K A W R K V K H A G R R V L D T A K G V G R H Y V N N W L N R Y R,1
D F A S C H T N G G I C L P N R C P G H M I Q I G I C F R P R V K C C R S W,1
G E S S G P D V S R E G V Q R D L L P L V E G C T V,0
T F R A F L S S R L Q D L Y S I V R R A D R A A V,1
F L G W L F K W A K K,1
F A L L K A L K K A L,1
T W F R N R M E I D W I Q A G V S T T E A E A L N K A,0
E E I L M K T K S S L Y L K S T E,0
F L P I I A K V L S G L L,1
D N A V V L R Q H K L G E,0
F L P F I A G M A A K F L P K I F C A I S K K C,1
F A K K L A K L A K K A L A L,1
G A S C G E T C F T G I C F T A G C S C N P W P T C T R N,1
G F F A L I P K I I S S P L F K T L L S A V G S A L S S S G G Q E,1
F V Q W F S K F L G R I L,1
A A V P I V N L K D E L L F P S W E A L F S G S E,1
H H P H G H H P H G H H P H G H H P H G,1
R I L R I H S E K L I K G I,0
L V R G C W T K S Y P P K P C F V R,1
I V P K L V S D F N Y D S V M Q V P K L E K I V V N M G V G E A V S N S K L L D Q A V E E L,0
Q F E V N L T R V H P D S S L V G R P G Y S T T D G T L Y S Y M E G T K F H Q A A L D M A E I T,0
L M M L I L A M N R K D K K K E K K,1
L A P A T R S G E C L C L T D C V P L F H S H L A,0
K M W S K I L G H L I R,1
K W K L F K K I G I G K F L H L A K K F,1
D V I K K V A S V I G G L,1
L A S A D R K A N K V A T E G V I V S,0
F A F A K I I A K I A K K I I,1
F I G L L I S A G K A I H D L I R R R H,1
Q K L Q E I Q K S R E A L N K L T Q S N A N N A S N T N N A K,0
F K R I V Q R I K D F L R N L V,1
S R M L R Q S S K I N G H P P P I L Q K K T S M G R L M F P M D A K T Y D P E S H E L I P H,0
A R E A S K S L I G T A S C T C R R A W I C R W G E R H S G K C I D Q K G S T Y R L C C R R,1
S L A W A C A E Q L A K K I Q A Y T L F A T H Y F E L T K L P E N I,0
G S V T A G M A I Y D T M Q Y I K S P V I T I C L,0
F L P V I A G V A A K F L P K I F C A I T K K C,1
K A E V V G L G M V I E K S F Q D G R Q K L L D Q G M K L T,0
G A F G N F L K G V A K K A G L K I L S I A Q C K L F G T C,1
L S A A V K A G A S L I D G G N M L E T I R V T P N N F S S I,0
F A K L L A K L A K K,1
A L S A P V L V V A H G G L G T L N A A A L T A E A L R A R G V E C A G V V V G S W P S A P D,0
G M W S K I L G K L I R,1
L L G D F F R K S K E K I G K E F K R I V Q R I K D F L R N L V P R T E S,1
A A T S A A P A A T E T P S A L P T S Q A G V A A P A A D P N,0
F K C R R W Q W R M K K L G A P S I T C V R,1
G V F I T K G D I G I S T,0
G F G M A L R L L R R V L,1
D F K L F A V T I K Y R,1
K P R I I L L D P A G K P F T Q A Y A E E L A L,0
H T N T M D A Q E V E T I W T I L P A I I L I L I A L P S L R I L Y M M D E I N N P,0
Y D D F A E L G S T E T T G F S F Q N V F Q L A G V P K D F I A S P R S P V Q E L N Q K Q E N R E N,0
I N D V A D A D R I Y I V A A G T S Y H A G,0
F L S L I P K L V K K I I K A F K,1
F I S A I A S F L G K F L,1
L V Q Q E K A T D K V S H V S T G G G E M L S R K I G I D H I L K H I E N K,0
I A V R L Q E I K P D I V F N C L H G T Y G E D G C L P G L L N I M R I P Y T H S G M L,0
R L P D C L V E W S V K R L K A A G A,0
A T V E N T L F E D G D G A N T,0
K W K L F K K I P H L A K K F,1
I E P V I T G N V L T L E F E N R S Q I V I N K Q E P M H E I W L A S K S G G F H F S,0
K T C E N L A D T F R G P C F A T S N C,1
K L K N F A I G V A Q S L L N K A S C K L S G Q C,1
Y L T A G L T A S L P V I S L L L L C L G R V I L G I G Q S F,0
Y R I V R D H S E P E G Q G Y F T H S Y V G P V V Y T P E G N F Q K V S F S D L D D D A K S G K S E,0
A K I P I K A I K T V G K A V G K G L R A I N I A S T A N D V F N F L K P K K R K A,1
G F F G K M K E Y F K K F G A S F K R R F A N L K K R L,1
R I E A I R G Q I L S K L R L A S P P S Q G D V P P,0
V V Y T V Q G K M D A A A S M I E K A I L A N P T Y A E A F N N L G,0
K W K S F L K T F K S L K K T V L H T L L K A I S S,1
G A D F Q E C M K E H S Q K Q H Q H Q G,1
D I I A S L V R E A K V G E V Y H A K V V R I,0
R G S A Q L A C T S Q G Q W T Q E V P S C Q,0
F A K I I A K I A K I A K K I L,1
G F K D W I K G A A K K L I K T V A S S I A N Q,1
G F I F H I I K G L F H A G K M I H G L V,1
Q E E Q D R L L A L Q L Q K E A D K E K M V P N R Q K G S P D Q Y Q,0
F F P I I A G M A A K L I P S L F C K I T K K C,1
D E E L N R P L I G V A N P M N A V I P G H V H L N N I A E A V Q K G I Y L A G G T P A I F G G,0
K L D G A D V D S Y L T I T A K G G T C V L T A I,0
D S I L V K W A S R V F F S E L L E A G V,0
F L P L I L R K I V T A L,1
G I P C G E S C V F I P C I T A A I G C S C K S K V C Y R N,1
L R L W V T S V D S S N D V R I S M D I L S Q V S E T Y R K I R N T L R F L I A N T S D F N P A Q,0
A L W K T L L K N V G K A A G K A A L N A V T D M V N Q,1
V L F N S G E F D G L,0
Q F C F S H R R K R R I L F S Q A,0
G L V T S L I K G A G K L L G G L F G S V T G G Q S,1
M Q I I T E P C Q M Q A V V E K L R L N R Q L I G V V M T M G A L H E G H,0
E G K I K I L E D N K E E D F E N S M G R K,0
C A A G T A C T C A G T G T G G A,1
E V W R L A E F L A M P P,1
A G W G S I F K H I F K A G K F I H G A I Q A H N D,1
A L Y K K F K K K L L K S L K R L,1
G K W L S L L K H I L K,1
L V H G Y Y K I D A E L V L P T,0
F I H H I I G G L F S A G K A I H R L I R R R R R,1
E Q D P E Q P G G I A G G G G G R D N I R W T P S P A G F F S I,0
F V A E G S S K Q N I M H E I F D L,0
A T C D L F S F R S K W V T P N H A A C A A H C L L R G N R G G R C K G T I C H C R K,1
G G G C G I G G G C G P I G D C G P I G G G C G P I G G G C G P V G G W,0
A I L Q D L M N R Y H S V V S Y W P N L K K M Y K D K P I T N T A,0
G I P C A E S C V W I P P C T I T A L M G C S C K N N V C Y N N,1
Y K K A C S D A V N P P S V T E A N T Q Y,0
I L R W P W W P W R R K,1
S Y L W V R P S V S R E Q L Q M I S A E V D E I G K L V,0
R G N A P V E K T P H L E R,0
E S E V L T P A D E V F H L N K S D Y T V P F V C G C R D L G E A A R,0
A L W K T M L K K L G T M A L H A G K A A L G A A A D T I S Q G T Q,1
P G V T F S D L L V I N K T D L,0
Y Y S T A F Y A P I Y R V V E T S N G I G C W K T Y N I T I G E Y Q I Y S N L T M K V,0
A T C D L L S G T G I N H S A C A A H C L L R G N R G G Y C N G K A V C V C R N,1
G K W M S F L K H I L K,1
G P D E T M S N R F W E M F K V T N R Q W M Q V I K N,0
S L R C I S E M N R L F S G K G D I T K P G Y D P C N L L V D L D D I R D L S S G F S K Y R,0
L D L Y L M I M Y S P Y T L Y G Y A L T,0
F L P L V T M L L G K L F,1
C I A K G N G C Q P S G V Q G N C C S G H C H K E P G W V A G Y C K,1
G V V D T N S D P D G V D Y V I P G N D D A I R A I Q V Y A K A,0
F F P I G V F C K I F K T C,1
K W K L F K K I K F L H S A K K F,1
P R F W E Y W L R L A E,1
D A E F R H D S G Y E V H H Q K L V F F A E D V G S N K G A I I G L M V G G V V I A,1
P K D N H L Q A L C L C T K T K L N K C H,0
F L P I I A S V A A K V F S K I F C A I S K K C,1
K A V T E Q V D Q M K F N T A I A Q L M V F V N A A N K E D K L F,0
G F F D L A K K V V G G I R N A L G I,1
F L S L I P H A I N A V S A L A N H G,1
K R N W F S D P V P F A T G E N S H L G P Q R N L R,0
F L P I L G N L L S G L L,1
L S K Q S Y P L G L E I L V Y L G F L I A Y A V K L P V F P F H T W,0
A A V L V L I H A A V R R S D N L F L D E E A A A V T E A S G L M S Y P S,0
S V F N V V N S S I G L I M V L S F L F L N E A L F Q E Y Q C Y G S S S N T,0
D E V K E I V D F L K F P E R Y I E L G A K I P K G V L L V G,0
T P L F N E T A Y C L A V E K L L G I T,0
S K K S P S S E S E A D N V D A Q P Q S T V R P E E I P P I P E N R F L M R K S P P K A D D K E,0
R F R L P F R R P P I R I H P P P F Y P P F R R F L,1
A V K A A R Q A F Q I G S P W R T M D A S E R G R L L Y K L A D,0
I V A Q A A Q D A A Q E V Q R A R E A L R D D V A A L A V K G A E Q,0
E Q C G R Q A G G K L C P N N L C C S Q W G W C G S T D E Y C S P D H N C Q S N C K D,1
T F T K L E N S S D Q A V V A E E V K I L T K L L N E S T R Q L I G D D A F A K I Q D L I D,0
A G G K T V L A S A Q H V G P L T V Q R P F Y P E E E T C H L Y L L H P P G G I V G G,0
P L V K E K L P A I T P T T S N A M I S N G T S N P D V E N,0
G L F D I V K K V V G A L G S L,1
A T A V D F G P H G L L P I R P I R I R P L C G K D K S,1
Y R V D S D A T H S P M F H Q V E G L,0
Y F Y I M K N F F Y K G N K K I Q Q R M L N Y G M E W A A T H G K V R,0
D I Q I P G I K K P T H R D I I I P N W N P N V R T Q P W Q R F G G N K S,1
C A A P A P R A E D L,0
Y S G D D A Y A T D A I L N S,0
M I A S K F G L G Q Q V R H Q L Y G F L G V I V D V D P E Y S L,0
A V L D F I K A A G K G L V T N I M E K V G,1
Y R V Q F R Y P A A A A A A A V A A A Q K R V V Q A R M N A,0
A C Y C R I P A C L A G E R R Y G T C F Y R R R V W A F C C,1
F I G T A L G I A S A I P A I V K L F K,1
L Y L F W C G W Q A G L Y F L V S I G L L T,0
H H P H G H H P H G H H P H G,1
F L F P L I T S F L S K V L,1
R S R S P P A R R R S P G S D R S D R K S R S A S P K K R S D K R A R S E S K S R S R S G G R,0
R G D L L R H V V K I L E K Y L,1
G S L K R S G D S L D V T F V V T D F N,0
Y S Y K L T K R T I I C Y G A A G T C A R V V C D C D R T A A L C F G D S E Y I E G H K N I D T A R,0
T V T I T D V G P N S L A G V P A E A S E P S V S Q S P V S,0
F K R I V Q R I K D F L R,1
G L F D I V K K I A G H I A,1
L E F D C Y G G G L S K I N T P L L T P L K L S L E E W S T K P T N D S,0
G S S S G R G D S P A,1
F F R L L F H G V H H V G K I K P R A,1
T A E D Y K S E L R E Q L P L T G S A A A G V V F I V S L V A I S I V C S R K R T Y S K,0
F A K K L A K K L K K L A K L A L A L,1
I K R E H P E V L L F Y R M G D F Y E L F Y,0
Y R V L P D R I E T G T F L V A A A I S R G K I,0
F A G V P R K M E N A L I R P I N P R L D G C I R G W N,0
D S H E E R R Q G R H G H H E Y G R K F H E K H H S H R G Y,1
G K W S K I L G H L I R,1
F L S L I P H I V S G V A S I A K H F,1
F K S W S F C T P G C A K T G S F N S Y C C,1
L V A T T L F G V I V F H E W S T T I S V,0
G I G G V L L S A G K A A L K G L A K V L A E K Y A N,1
F L P I L A G L A A K I V P K L F C L A T K K C,1
F V K L K K I A N I I N S I F K K,1
S E T V S S D Y E N S S S R H I S R R K P I G,0
G I A C G E S C V F L G C F I P G C S C K S K V C Y F N,1
Y A I D T I L L E I K N I N A D,1
G L F D I V K K I A G H I V S S I,1
T K K V S K K V P S Q K P S P V P S P S,0
F I L P L I A S F L S K F L,1
K I S K R I L T G K K,1
L G Y E I K Y I G S I E G I E R K I I E K E G I E Y F P I S S G K L R R Y F D L K N F S D P F K V,0
F I F H I I K G L F H A G K M I,1
G Q V W E A T A T V N A I R G S V T P A V S Q F N A R T A D,1
R K A F R W A W R M L K K A A P S I T C V R,1
M P F L F C N V N D V C N F A S R N D Y S C N Y Y S N S Y S F W L A S L N P E R,1
E K K C P G R C T L K C G K H E R P T L P Y N C G K Y I C C V P V K V K,1
L H E E T L R E R I L A Q S I E V Y Q R K E E V V G A E M M R H F E K G V M L Q T L D S L,0
C T F T L P G G G G V C T L T S E C I C,1
S Q E I Y R A L K S E G L I E T R S I E Q F Y D P V K G M F L A D R Y I K G E C P R C H,0
K W K S F A K T F K S A K K T V L H T A L K A I S S,1
V A K A L K A L L K A L K A L,1
E A C S K T K W A M G V G S Q R R E,0
D R V M Q E L T E Y E L V P E A W G G D T I F A P I S A K F G E G L,0
A T C Y C R T G R C A T R E S L S G V C E I S G R L Y R L C C R,1
L F V K C D K I F G T K T K S G R I I A N S N N F S E Y L L E E A K V A V V P G I A F G L D G Y F,0
G F G S K P L D S F G L N F F,1
Y V A D V R A P T P S A G A E,0
G K W M S L L K K I L K,1
G I G V L L S A G K A A L K G L A K V L A E K Y A N,1
I K F S Q L A P L P P S N E T A V F D N Y G D D E G T Q S G Y N N E P L S P,0
R R E N G A V L H D P E V V A R R V V R M A E E G T I,0
G L P V C G E T C V G G T C N T P G C S C S W P V C T R N,1
K L L R L L K K L L R L L L K,1
K W K L F K K I P K F L H L A K K F,1
A A W K W A W A K K W A K A K K W A K A A,1
K L A L K L A L K A L K A A K L A,1
A T C D L L S K W N W N H T A C A G H C I A K G F K G G Y C N D K A V C V C R N,1
N S N H A A P S S N A S P P E G F A S H S L Q T S D V V I H R K E N E G F,0
Q D I E L C P E C F S A G,0
T T T T Q A V Q G R S V T Q Q D R D L R V D L G F R G M P,0
G E V G A Y V V A T T H Y P E L K L Y G Y N T A K T I N A S M E F D S K,0
G I I K K I I I K K I,1
G F V D F L K K V A G T I A N V V T,1
A A L K G C W T K S I P P K P C F G K R,1
F L G G L M K I I P A A F C A V T K K C,1
A L I A E S A D L A R L V K S P V F S A E E Q L K A I S A V L D Q A G I S G L A G N F V R R,0
W S R Y Y H V D A P T C D E P V,0
A A M N G L A G P L H G L A N Q E V L V W L,0
E S H E T A P L V Q A L L N D D W Q A Q W P L D A E A L A P V A V M F K T H S,0
G L L Q T I K E K L E S L E S L A K G I V S G I Q A,1
K A K L A K K A L A K L L,1
F A K L L A K L A K A K A,1
I A E Q V A S F Q E E K,0
E T C A S R C P R P C N A G L C C S I Y G Y C G S G A A Y C G A G N C R C Q C R G,1
L G D A I K H L D D L K G T F A Q L S E L H C D K L H V D P E N F,0
K D G I P A K V E R I E Y D P N R T A N I A L V L Y A D G E R Q Y I I A T K G M A V G D Q L M N,0
K D A K L K V Q A A I Q G E Q V R V T G K,0
D R Q T G K S A I A I D T I,0
Q A G H N V K P V L L G P L S Y L Y L G K E I E D G F D R L T L L P R L L,0
G K W M K L L K H I L K,1
A S S S Y P L I H W R P W A R,1
R Q V F Q V A Y I I I K A,1
V T A T M G A P V F I W L L,0
K S C C K N T T G R N I Y N T C R F A G G S R E R C A K L S G C K I I S A S T C P S Y P D K,1
V N W K K I L G K I K K V V K,1
F A K L L F K A L K K A L,1
F L P I I A G I A A K F L P K I F C T I S K K C,1
K S L R G G T L L M T P L K G V D S Q V Y A L A Q G N I L V G G A G,0
F K L F K K I P K F L H L A K K F,1
G L M S S I G K A L G G L I V D V L K P K T P A S,1
P F T L P Q E E T A H E L E G D L A K V R A I A Y D I V L,0
L E M N V N Q L S K E T S E L K A L A V E L V E E N V A L Q,0
F A K L L A K A F K K A L,1
K S C C P N T T G R N I Y N T C R F G G G S R Q V C A S L S G C K I I S A S T C P S D Y P K,1
F M P I I G R L M S G S L,1
I L L N L K E I V F R T K S L D V Q K G Y L S I Q,0
F L K L L K K L A A K L F,1
K N W K K I L G K I I K V V K,1
V N F K K L L G K L L K V V K,1
F V D L K K I A N I I N S I F K K,1
L K D P D M V W D F W S L C P E S L H Q V T F L F S D R G I P D G H R H M N G Y G,0
V A K L L A K A L K K L L,1
W K M V L G L F P K E D K I K A M D A L E R V,0
V R C A D R H N L M Y S T F R T F V F R E T E F I A V T A Y Q N E K V T E L K I E N N P F A K G,0
E N F F K E I E R A G Q R I R D A I I S A A P A V E T L A Q A Q K I I K G G D,1
G T F P C G E S C V F I P C L T S A I G C S C K S K V C Y K N,1
V I G V V T E M G L K F R A,0
G R R K R K W L R R I G K G V K I I G G A A L D H L,1
P A W R K A F R W A A R M L K K A A,1
C L G I G S C N D F A G C G Y A V V C F W,1
S G I K E L K A A K V G D T I T T M D R K A T E A L P G F K,0
F K V Q N Q H G Q V V K I F H H,1
D S T R R L I G D L S D G V T L I V K V V I R,0
T M A L K K G Y E I D R P,0
P H K K M A S V D L H Q L P M L T S W P E D G G A F L T L P L V Y,0
G M M D C K K A L E E T N G D M E L A I D N M R K S,0
G N I L R I I V N N L G I D E A S W M K R L A V F A Q P,0
E V I D E T E M L R L L G S M K Q E E A K L E L D,0
D P V T Y I R N G G I C Q Y R C I G L R H K I G T C G S P F K C C K,1
D D T P S S R C G S G G W G P C L P I V D L L C I V H V T V G C S G G F G C C R I G,1
F I F H I I K G L F H A G K M I H G L V T R R R H,1
F L I G M T Q G L I C L I T R K C,1
R R Y S R V K K E G L Q A P N L I I,0
K W K L F K K I P K F L H L A K K,1
D Y K L A L K A I E G G A D K I R I N P G N I,0
V N W K K I L K K I I K V V K,1
L K C N K L V P L F Y K T C P A G K N L,1
V E L A W R L D V A G H Y G P P R R W L V V T G T N G K T,0
K W K L F K K I G I G K F L H S A T T F,1
F L P L L F G A I S H L L,1
L L S A V G V A A M T T T M M A M R H E L L D T S L T K L P Q K,0
F L S A I A S M L G K F L,1
Q S S N S N V E A V S A P T Y H N Y S T S T T S S S V R L S N G N T A G A T G,0
D A G R P R A D P V S L P P L A Q Y L P Q S G S Q P R L Q P L L,0
G M W S K L L G H L L R,1
M T E S L F P G Y H T K A R A V M N F V V R,0
F A K L L A K A L K L K L,1
P A W A K A F R A A A R M K L K A A,1
G L F D I V K K V V G A F G S L,1
F A A G T K A V A Q G L V D A T A V,0
F A K L A K K A L A K L L,1
V A M A L F S G I F N I G I G A G A L V G N Q V S L H W S M S M I G Y V G,0
K A A K K W A K A A K K A A K A W K K A A,1
F L P G L I A G I A K M L,1
G F K G A F K N V M F G I A K S A G K S A L N A L A C K I D K S C,1
K W K L F K K I G I G K F K L A K K F,1
F L P L L A S L F S R L L,1
F A K K L A K K L A K A A L,1
N N D K L N T I S N F V T N K L T E F N Q N L Q D D I V S F V Q S E Q E E I F I N K L L N T M N N,0
I V L A K L G D M Y G R R I G L I V V V V I Y T I G I I I Q I A S I N K W Y Q Y F I G R I I S,0
A P E E R Q R G I T I N I S,0
Q A I R E S W G Q E S N A G N Q T V V R V F L L,0
K W K I F K K I E K V G R N I R N G I I K A G P A V A V L G E A K A L,1
S S Q T L S K Y I D K A T D Q F N L E P N L A L N I E I A D L I N E K K G N T P R E A A L,0
S D L E G V I T E G A V Q I G P F A R L R P G T V L A,0
L L P G L D D R I Y N M N D K Q,0
F L G G L M K A F P A I I C A V T K K C,1
G L F A V I K K V A K V I K K L,1
L S V M L Q A Y C D V T A L F V V P P G A F R P P P K V D S A V V R L V P R D P A,0
A I S Y G N G V Y C N K E K C W V N K A E N K Q A I T G I V I G G W A S S L A G M G H,1
L R V R L A S H L R K L R K R L L R D A D D L Q K R L A V Y,1
L T Q R L R K T T D G Q I Q H H L L R E V F D A P V D E E,0
F V I P L H S A M A A D W L G S I V S I N C G D,0
A Q G E Q I H S I K D L E I F L Q I L L H N K L G T T D L V A L I H A Y R G S K R E D L D,0
D C L S G K Y K G P C A V W D N E M C R R I C K E E G H I S G H C S P S L K C W C E G C,1
I P C G E S C V W I P C I S G M F G C S C K D K V C Y S,1
L T G T Q H D G P L A Y R Y P R G K A L,0
I S K N P V S V S S V A V A K,0
A L Q M N E L L V V E Y Y S R K M S R Y R G A V I K I I R R L G E L P G,0
I G H D A S S L D L L P G G P T A V V T T H A,0
K I K E L Q A R T E E L E E E I E A E R A S R A K A E K Q R S D L S,0
F L P I V G K L L S G L S G L L,1
L K K L A K L A L A F,1
A V V L Y Q P P T V W S L F R S A V I N L F L P,0
N Y P L S I L A A D K K T D L L T F F Q S E D E L T A D I F Y T,0
R R D P L G V V A S I A P W N Y P L M M A A W K L A P A L A,0
D H Y I C A K K G G T C N F S P C P L F N R I E G T C Y S G K A K C C I R,1
F A K L L A K L A K A K L,1
R Y R S F E R L Y E D L T R L L E E N V K,0
P F F K G M F E S T L G I P S S L P V I P S T M P N N I L K T P S K H S T G L,0
D V Q C G E G H F C H D Q T C C R A S Q G G A C C P Y S Q G V C C A D Q R H C C P V G F,1
P A W F K A R R W A W R M K K L A A,1
E C R R L C Y K Q R C V T Y C R G R,1
L N Y R I F S D E N D K M N L N V Q Q A Q G E L L I V S Q F T L A A D T Q K G L R P S F S K G,0
A K K V F K R L E K L F S K I Q N D K,1
V L Y P V V P H V T Y E,0
I G K E F K R I V Q R I K D F L R N L V P R T E S,1
W L E E H N R Q V N E L R A A V N A H A G D T E L R S V V E K I M S,0
L F G M A L K L L K K V L,1
E V L F E A M P R V R S E L V R C L D M F H P S L,0
L P L Q Q A N L I K E D K G N A K L W D D V L S S L Q D G P Y Q I F L S K V K E A F Q C I C,0
M W K W F H N V L S W W W L L A D K R P A R D Y N R K,1
V A K A L A K A L L K A L K A L,1
G F G C P N N Y A C H Q H C K S I R G Y C G G Y C A G W F R L R C T C Y R C G,1
F C T M I P I P R C Y,1
S L S V R H D G V E Y E G T G T S K D I I E A S A L A W L D V A N R L L,0
I L P I L S L I G G L L G K,1
F W G H I W N A V K R V G A N A L H G A V T G A L S,1
F L P I V G R L I S G L L,1
A L S K A L S K A L S K A L S K A L S K A L S K,1
F L S L A L A A L P K F L C L V F K K C,1
L L M R Y V S E R G K I V P S R,0
R A Y R E D E L I Q L L,0
T Y R S K K D E I T L R K T F I E A G Y K V R V I K,0
L L R H V V K I L E K Y L,1
F A K L L A K L A K K I L,1
D C L S G R Y K G P C A V W D N E T C R R V C K E E G R S S G H C S P S L K C W C E G C,1
F A K K L A K L A L K L A K L,1
T R L Q F Q A L D S T Q F A T A Q G E V P E L V L V N P P R R,0
F L P I I T N L L G K L L,1
F D I V K K I A G H I V S S I,1
T G S E E C R S L Y N T V A T L Y C V H Q R I E I K D T K E A L D K I K E E Q N K S K K K A Q,0
E L C E K A S Q T W S G T C G K T K H C D D Q C K S W E G A A H G A C H V R D G K H M C F C Y F N C,1
Q Y S P V E G A V A N D L A E P V P D E V K,0
A L W M T L L K K V L K A A A K A L N A V L V G A N A,1
G L P V C G E T C A G G T C N T P G C S C S W P I C T R N,1
G L F S V L G A V A K H V L P H V V P V I A E K L,1
E T K K F K N P R N A A S,0
G L K K L L G K L L K K L G K L L L K,1
F V K L K K I L N I I N S I F K K,1
P M Y Q G M P P Q N Q F P R H Q Q Q H Y I Q Q Q K Q R Q A L G E Q L Y K K V S A K I D D E N A A G K,0
G G L R S L G R K I L R A W K K Y G P I I V P I I R I G,1
F A L A K L A K K A K A K L K K A L K A L,1
C S T N T F S L S D Y W G N N G A W C T L T H E C M A W C K,1
G G Y K Q S G V G R E N G I,0
F A L A A K A L K K L A K K L K K L A K K A L,1
F A K K L A K K L K K L A K K L A K L A L A L,1
K L K N F A K G V A Q S L L N K A S C K L S G Q C,1
V D N P R K N V I I P E,0
L A V E G V Q F H P E S I L T E,0
V Y Y Q A V I L A L S P F H N A V Y R M H Q V I S A T T N P A,0
Y Y F F R G H V Y G D F D D G E R F A F F Q L A A I E A M E R I A F I P,0
F A K K L L A K A L K L,1
L F K K A E S D D S K W D S I H V I S A T H D E E G M E V T Y N V T T T V I,0
V V Q F S E D L A N Q G K T V I I A A L D G T F Q R K P F Q S V I D L V S K A E Y I T K L T A,0
G L P I C G E T C V G G T C N T P G C S C S W P V C T R N,1
F I K T Y G C Q M N V Y D S V R M S D A L A K D G Y V Q T E D M G E A D L V,0
A T Y Y G N G L Y C N K Q K C W V D W N K A S R E I G K I I V N G W V Q H G P W A P R,1
F L G W L F K W A S K,1
F A K L L A K F L K K A L,1
G S I P C E G S C V F I P C I S A I I G C S C S N K V C Y K N,1
S G L A L E M D P E N K F S G M M Q M K I G K R I L L G L V A V C A L F L G I,0
T A T A R S S T V S P S P S T L V G H E L T H G S D R,0
G L P V C G E T C V G G T C N T P G C A C S W P V C T R N,1
F A K G V G K V G K K A L,1
F L P L L A G L A A N F F P K I F C K I T R K C,1
A T Y T G T Y T I D G K V L A F K,0
K I L R G V A K K I L R T F L R R I S K D I L T G K K,1
V R N K Q S E D L F N K L E I L P R I,0
N A V M G Q G P L Q F Y D K V P T K F A G Y G E A A F K A G G Y R V V,0
Q R Q Q Q P C C Q A L Y D F E P E N P G E L,0
F L G A L F H A L S K L L,1
F I G P I I S A L A S L F G,1
M W K W F H N V L S S G Q L L A D K W W A W W Y N W W,1
C C T A A G C C C T T G T G G T G T G T,1
A G E C V Q G R C P S G M C C S Q F G Y C G R G P K Y C G R,1
I R F L N N F E S V L A L S L H Y G I L V L A L P I F I L L Y K A K K Q P C S I L L K V T T E,0
G L F K V I K K V A S V I G G L,1
P A G N S L A G I A V L E Q,0
M V A L S V D E L M P L A K E I D P N N N P S Y G V L C G M S I M,0
Y A K L L A K L A K K A L,1
F M G G L I K A A T K I V P A A Y C A I T K K C,1
F E L D R I C G Y G T A R C R K K C R S Q E Y R I G R C P N T Y A C C L R K W D E S L L N R T K P,1
D T V A C R I Q G N F C R A G A C P P T F T I S G Q C H G G L L N C C A K I P A Q,1
C A N S C S Y G P L T W S C D G N T K,1
H E D F T R G I I L G D T E V N Q V L R K V S P G F P,0
M M S K E Q F N E A Q L A L I R D I R R R G K N K V A A Q N C R K R K L,0
D K V T V T D Y D G K E L I R D S Y T A E L D L S D,0
M T Q K D Q S P R V G F V S L G C P K A L V D,0
K W K L F K K I P F L H L A K K F,1
F L P L I G K I L G T I L,1
K W K S F A K T F K S A K K T V A H T A L K A I S S,1
F L P L L L A G L P L K L C F L F K K C,1
C G E S C V W I P C I S A A I G C S C K N K V C Y R A I P,1
G F M D T A K N V A K N V A V T L I D N L K C K I T K A C,1
R L E R A L G A F M L D L H T G E H G Y T E V N P P I L V,0
L P S M A D Q L L R K K R R I F I H S V G A G T I N A L L D C L L E D E V I S Q E D M N K V R D E,0
K W K L F K K I P L A K K F,1
T Y I S G L S G G S W L L G S I Y I N N F T T V D K L Q T H E A G S V W Q F G N S I I E G,0
D T M V I I P A I D L K G G K C V R L L Q G D F E R V T V Y S D H P V E M A K A W R E K G A E R,0
A A Q F Q G G E L A L S A F L V L V F L W L H S L R R L F E C L Y V S V F S N V M I H V V Q Y C F G,0
L V D E Q L A A N G M E T V K,0
D S H A K R H H G Y K R K F H E K H H S H R G Y R S N Y L Y D N,1
H P K D I D V T P M L I G L A S V P P A F Q L C F I P S M H W Q,0
N H A D H R L I I Y K D I H E N I E D G I T L L I V M A V V L V L L V I F G F I S A D N M A,0
F F H H I F R G I V H V G K T I H R L V T G,1
G S A L I G Q N F T D N G Y F H G R P S A T A E M P Y N P Q A S G G S N,0
K A G L E V L K D A S A K A V A D A K A M L A A G H V A V M L Q E P C N D I L F S R A K V Y S G,0
L L Q H D L R Q P L V L L S P Q A T R G G T E I,0
Y L F K K F P K A N E G E L S,0
K I L R G V A K K I M R T F L R R I S K D I L T G K K,1
N Y D S G G P L I C N G Q F Q G I V S Y G A H P C G Q S L K P G I Y T,0
I L I T T V G I M V L I Y S D N Y M A H D Q G Y,0
G T C L M V A A L C F V L V L G,0
R D N L T L W T S D Q Q D D D G G E G N N M R K G Y I Y V I E N N F D N H V Y I G S T V D S,0
A D R G W I K T L T K D C P N V I S S I C A G T I I T A C K N C A,1
F L S A I T S L L G K L L,1
F L P I I A G A A A K V V E K I F C A I S K K C,1
A R M V G G G F A G S A I A I V K K S E A E N F K K N V G K I Y R D K I G Y D,0
A K L R V Q M R L E I R K L Q Q R L G V T S I Y V T H D Q V E A M T L G D,0
V D E L K S Q L A D Y Q Q A L D V Q Q T R A I,0
A C V V P S E C E R Y C G T R V G C T N I A F P T L V V E L M P N G L R G L M L S V M M A S L M S S,0
A L W K T I I K G A G K M I G S L A K N L L G S Q A Q P E S,1
T I Q F Q F S L S S D G P T E H A N G P R V G R R S S R K M P A S P S G T P A P A A R D L A A,0
A E Q L V V G N K A V S F T D H S E L S R E V A A K Y D H G R L H E A V L L S G N,0
A G F V L K G Y T K T S Q,1
K A A K K A W K A A K K A W K A A K K A A,1
G F G C P G N Q L K C N N H C K S I S C R A G Y C D A A T L W L R C T C T D C N G K K,1
V G G R T E I R D V G S N K A V Q S L G R F A V A E H N R R L R H G G S G G P,0
E A D E P L W L Y K G D N I E R A P T T A D H P I L P S I I D D V K L D P N R R Y A,1
E V E R K H P L G G S R P G R C P T V P P G T F G H C A C L C T G D A S E P K G Q K C C S N,1
S Q E T F S D L W K L L P E N,1
G R E N Y H G C T T H W G F T L C,1
R Q I K I W F Q N R R M K W K K,1
L V N I D E I G E R I A W S V V E F F N I E A N,0
I Q K A L Q K G S L L G C S I D I T S A A D S E A I T Y Q K L V K G H A Y S,0
R N H G F A T A G V H P A T M H L V D D F L A T G T Q I K T,0
E Q E R G I T I T S A A T T T F W Q G Q D G K K R R F N I I D T P G H V D F T I E V E R,0
P A A R K A A R W A W R M L K K G A,1
G L L S V L G S V A K H V L P H V V P V I A E K L,1
P K T Q E F I L N S P T V T S I K W W P G G L G K T S N H A I,0
M P R W R L F R R I D R V G K Q I K Q G I L R A G P A I A L V G D A R A V G,1
R E H L P I F V T D L M V G,0
S Y L H S K G I I H R D L K A D N L L I D F D G V C K I,0
F K C R R W Q W R M K K L G A,1
L G V A H L V H S G E A W M S L P G E G G H V D F A,0
G F G C P L N Q G A C H N H C R S I G R R G G Y C A G I I K Q T C T C Y R K,1
T Y Y S G K K E P F G Y M G M V W,0
N I E R K N N D Q P L F A N P R N S C A G T L R Q L D P K I V A S R K L D F F A Y S L Y F P,0
S I G A K I L G G V K T F F K G A L K E L A S T Y L Q,1
G C W S T V L G G L K K F A K G G L E A I V N P K,1
G L F A V I K K V A A V I R R L,1
D V V K E V D V E N K K I I I T P M E G L L D M R V E V G Q I V N T H G I K G E I,0
A T C D L L S G T G V K H S A C A A H C L L R G N R G G Y C N G R A I C V C R N,1
R K G W F K A M K S I A K F I A K E K L K E H L,1
G M W S K I L G H L I R,1
P A W F K A R R W A W R M L K K A A,1
S A G S V T F F R S P W P A M M R N A G V D V V E A L R V S L L R V F L R R M D L,0
G C A S R C K A K C A G R R C K G W A S A S F R G R C Y C K C F R C,1
F L P L V G K I L S G L I,1
V E E F I W P A I Q S S A L Y E D R Y L L G T S L A R P C I A,0
A T C D L L S G I G V Q H S A C A L H C V F R G N R G G Y C T G K G I C V C R N,1
E V L P N N P L A V F S G P S F A I E V A R K L P Y S M V L A C Q N E V L G L K L V S E L Q Q E,0
L G G I V S A V K K I V D F L G,1
K Q L I R F L K R L D R N G G G K L L L K L L K K L L K L L K K K,1
K S C C R N T W A R N C Y N V C R L P G T I S R E I C A K K C D C K I I S G T T C P S D Y P K,1
T P N E L A T L L I T L V R L A S E F K P N M G N V F R S C L L N N I P N T L P T I,0
D W T A W S A L V A A A C S V E L L,1
A C V L K R K A V L W Q D S F S P H L K H H P,0
S M R R E K F V P F G G P D G G D G G R G G S V Y A V A D R N I N T L I D Y R,0
D E E V E K A V W A C R W G A D T V M D L S T G K N,0
D T P D Q L W V V S H P P V Y T L G Q A G R R E H I L D P G E I P V V E T D R G G Q V T Y H G P G,0
E S R N F G V F L Q Q H V I N G R F N G F S N R I A I F T S,0
W F K K I P K F L H L A K K F,1
P A W R K A F R W A K R M L K K A A,1
T I G F M L A E K F S L K Y V Q S S I V Y R Q L A F N C I K E K I D I T D I N K V I,0
G L F G V L G S I A K H V L P H V V P V I A E K,1
G E T F D K L K E K L K T F Y Q K L V E K A E D L K G D L K A K L S,1
W Q A N N F Y Y D F Q K S I S F W R W G G E D I K I F G S G V L,0
K R F K Q D G G A S H A S P A S S,1
K W K S F L K T F K S L K K T V L H T L L K L I S S,1
L D S N K F A V S G N D,0
K W K L F K K I G I G A F L H S A K K F,1
G S L C G D T C F V L G C N D S S C S C N Y P I C V K D,1
S Y L K T V I F P T N E Q T H R,0
T I L A E I K N I N A D,1
S W T N R K V V D F F V R F A E V V F E R Y K H K V K Y W M T F N E I N,0
E S E F D R Q E Y E E C K R Q C M Q L E T S G Q M R R C V S Q C D K R F E E D I D W S K Y D N Q D,1
Q N A G F G L T D N E F D M V K V K A,0
W L I S T I S G I A V G G W L V D Y F,0
F L P L L A S L F S G L F,1
F L K W L F K W A K K,1
L T T Q M R E L G H V S,0
G L F D V I K K V A S V I K K L,1
K W K K F L K I G I G K F L H L A K K F,1
C R F C C R C C P R M R G C G L C C R F,1
M S G N D Y Y E I L E V S R,0
K E L K G N V E V W S H K D H R I,0
F V P Y N P P R P Y Q S K P F P S F P G H G P F N P K I Q W P Y P L P N P G H,1
G L F D I A K K V I G V I G S L,1
G R V V V Y T G T H D N D T T L G W Y R T A T P H E K A F M A R Y L A D W G I T,0
F A K A I A K I A F G K G I G K V G K K L L,1
A T C K A E C P T W D S V C I N K K P C V A C C K K A K F S D G H C S K I L R R C L C T K E C,1
M S A F V R V V P R I S R S S V L T R S L R L Q L R C Y A S Y P E H T I I G M P A L S P T M T,0
D A D L Y T P S I H L Y F N D D L T E L,0
K R A K A A G G W S H W S P W S S C,1
L I V Y D D L S K Q A V A Y R Q V S L L L R,0
G L F D V I K K V A S V I K G L,1
F A K K L A K K L A K L L,1
R F K D I G T C E K C G V A I T H S K V R R F R M,0
A H S V N G A E Q I G E L V Y P L I Q V I V G I F K L C N A P T F L P L R L H C C Q L L I Q L Q A,0
K I L R G V A K K I M R T F L R R I L T G K K,1
V S G S Q R T S S I Y A R E A L I E I D Y G D,0
S L W T V Y W L F K L V T G K E G M G Y G D F K L L A L L G A W,0
F A E P L P S E E E G E S Y S K E P P E M E K R Y G G F M,1
A V L D I L K D V G K G L L S H F M E K V,1
S S D P A S S E M L S P S T Q L L F Y E T S A S F S T E V,0
D S H E E R H H G R H G H H K Y G R K F H E K H H S H R G Y R S N Y L Y D N,1
P A W R K A R R W A R R M K K L A A,1
P E P E A A P L E Q M G L G W K S S F G S G K A G D A I G S G L E V I W T S T P T Q W S N N F F W N,0
R R L L I P Q Q R K H F F T L S,0
G F F A L I P K I I S S P L F K T L L S A V G S A L S,1
A Y P G N G V H C G K Y S C T V D K Q T A I G N I G N N A A,1
F R L L L L N M H P H D E L K Q L I N N A V D E N A L M K Q K I N E E E E T E V I A Q E A E E,0
W S Q Y Y D H A V P G T L K Q G E A T K R T G T T I R F W A D P D I F E T T E Y D F E T,0
F D I V K K I A G H I A G S I,1
R R R P R P P Y L P R P R P P P F F P P R L P P R I P P G F P P R F P P R F P,1
E T W R T E A P S A T G Q A S S L L G G R L L G Q,1
A A N F G P S V F T P E V H E T W Q K F L N V V V A A L G K Q Y H,1
W K K I P K F L H L A K K F,1
G L F D I V K K I A G H I A G S I,1
A E V S E K E S V N K A F E N N K,0
G L L S V L G S V A Q H V L P H V V P V I A E H L,1
A Y V V N N A D D M D R I M T L G H K N R S V G A T N M N E H S S R S H A I F T I T I E C S,0
F A K L L A K L A K K A L,1
M V K A V A V L T G S E G V Q G T V F F A Q E G E G P T T I T G S L S G L K P G L H,0
V N W K K I L G K I I K V V K,1
M D V C G I D L L M K D D,0
K F I D N L N S W G H I M S K E D N A,0
H D V N Q M I E K L E E K T R E V I E S S R N I K K I E R E N Q,0
F L G A L F K A L S H L L,1
G L F D I V K K V V G T I A G L,1
A V L D Q W A E Q A L G A A E A S E E A S D V L R T A V N S L L G V R L M Q S W P M,0
A W K K W A K A W K W A K A K W W A K A A,1
F L G G L I K I V P A M I C A V T K K C,1
F L G S L I G A A I P A I K Q L L G L K K,1
F L G A L A K I I S G I F,1
F M P I L S C S R F K R C,1
G E F L K C G E S C V Q G E C Y T P G C S C D W P I C K K N,1
F L P L I A G L A A N F L P K I F C A I T K K C,1
G H V D H G K T K L L S V L Q N I D I N Q T E S G G I T Q H I G,0
N L G R Y G S R G Q Q R S I A L A L K I G E A G L M R R R S G E A P V L L L D D V L S E,0
R K N Y K R N S L I L K E S P P I I S E N V P,0
G F F S T V K N L A T N V A G T V I D T L K C K V T G G C R S,1
G K F M S L L K H I L K,1
W G L S G P M L R A S G I Q W D L R K V D L Y E S Y N Q F D W K V Q W Q,0
I V R R A D R A A V P,1
L V M G T R S G D I D P S I,0
C K Q S C S F G P F T F V C D G N T K,1
L A P G T D D H N H H L A L D P C L S,0
A V P D V A F N A Y G,1
S R R S T A E L Q Y I T T L Y E R A I V L Y P L I P E L W L Q Y T A W,0
V K I L G T Q V E D L D R A,0
F L P A I A G I L S Q L F,1
I V V I G L N V H T A P V E L R E K L A I P E A Q W P P G I G E L C A L N H I E E,0
L L G M I P L A I S A I S A L S K L,1
I D A V G A V Q C S A K S G I G V E D V L E E I V A K I P A P T G D E N A P L Q A V I V D S W F D N,0
Q N H V T P S R H R N S S S E S A I V P K T V K S G V V T K R S S L P V S,0
G F S S I F R G V A K F A S K G L G K D L A K L G V D L V A C K I S K Q C,1
A G V A C D L R K D K P Y Y G Y E N F D F D V V I G S H G D V Y D R M M C R F E E M R Q S T K I I R,0
Q V F T R E G I Q R D K R A Q Q I I D D E L K R Y R L D L N D Q L R I V E A D,0
E G P L D L L L H L I,0
I L P W K W P W W P W R R,1
A M A D V L K V T D Q R K I P E L N E Y Q C G T Y H M H S L E E A Q S I A K D I L D R D V R I N,0
I G G S D L G P K M V V R A L Q P Y H C T D L K V H F V S N V D A D S L L Q A L H V V D P E T,0
G L F D I I K K I A E S F,1
F A K K L A K L A K K L L A L,1
A E V A P A P A A A A P A K A P K K K A A A K P K K A G P S,1
E A Q I P E L V L V N P P R R G I G R E L C D Y L S Q M A P K F I L Y S S C N A E T M A K D I S L,0
R T C D P E Y Y H W T Q W A F I K M F N S Y,0
L P K W K V F K K I E K V G R N I R N G I V K A G P A I A V L G E A K A L G,1
K P F L M P V E D V F T I T G R G T V A T G R I,0
F L P I V T N L L S G L L,1
L P N N L D F E G H K L G A E V F A R D C L D F G W E D L,0
V V I T K L R L D K D R K S L L E R K A K G R A A A D K D K G T K F T A V D V M Q N,0
F K C R R W Q W R M K K,1
K W K F K K I P K F L H L A K K F,1
S E V K E H L P Q H S V S S Q E E E I S S S I D S L F I T,0
K R V A A S D V E E G,0
G K W M S L L K H W L K,1
K W K L F K K I P K F L H S A K K F,1
A A T F I F Y L V Q I M A Q H S M,0
A P P G A R P P P G P P P P G P P P P G P,1
G F G C P L D Q M Q C H R H C Q T I T G R S G G Y C S G P L K L T C T C Y R,1
C P H C Q E E I P K K M S V T Y V A S C,0
D L K E R M G K I L I A Y D L D G N P V Y C R D L K V E G,0
D R T I Y I S G Q I G M D P S S G Q L V S G G V A,0
V A K K F A K K F K K F A K K F A K F A F A F,1
F G R Y G I C A H E N K E L A N A R E A L P L I E D,0
V N D I M K M V V L K P K I N S,0
L Y N L T E A I Q Y F Y E K Y K H F K N W R L I C G L S F N N,0
F L P L I G R V L S G I L,1
F V D L K K I A N I I N S I F,1
Y D N P Y I I E K W E K L F D I R K D I S K A L E I A R S E K K I G H S L D A Q V D I Y P S,0
G D R G D R D Q K D Q Y Q R K E G G Y M R R G Y R R D Q Q G Q S N Y M S,0
A R K G K K R P T A G D K N K Q K A V K R K I E Q A N A N G H H K M K E E N K S,0
D F R C T Y C M A E H M A F L P,0
Y A G F S A D C R P R S R P S S D S C S V P M T G A R G Q G L,0
P S N M G L H D S F L A L L L L L G G A W A Q Q A E I N A R V L R A Q D,0
M M Y S V T D V S G L N R I S R V V L A N A A H S V A G M V L N K V,0
E R V K G E V L A L C A K Y P V Y A M L,0
L T R G L D L I E A S V A D A L S E E Q P A A Q V L K F G G,0
G F K M A L K L L K K V L,1
K W W K K A A K A A K K A A K A A K K W A,1
F A K K L K K L A K L A K K L,1
F L S L I P H A I N A V S A I A K H F,1
D A T T V L N R A L A S K G I Y P A V D P L D S T S T M L Q P A V V G D E,0
F A K K L A K K L K K L A K K L A K L A K K L,1
D A L A G R L L A S A A Q E N E P F W R L P L A E F H R N Q L P,0
F L G A L F K V A S K V L P S V K C A I T K K C,1
A G E P K R R S R S N I S G W W S S D D N L D G E G G A F R S G P A S G L M T L G R Q P,0
R D D D G H Y S P T Y W T L L A I R L A F V I V F E H V V F S I G R,0
F A K L L K L A A K K L L,1
G V I P C G E S C V F I P C I S S V L G C S C K N K V C Y R D,1
K W K L F K K I P K F L H L A K,1
V A L A L K A L K K A L K K L K K A L K K A L,1
K W K L F K K I G I G A F L H L A K K F,1
G L W S K I K E V G K E A A K A A A K A A G K A A L G A V S E A V,1
V Y V D K V E K M Q Q A L V Q L Q A A C E K R E Q L E H R L R T R L E R E L E S L R,0
G L F A V I K K V A S V I K G L,1
R A H S R C G P G L P P S R A S S P Q L A L P G P Q A K G P G L G V D F I S R N A L A A K R A P,0
G F G C P N D Y P C H R H C K S I P G R A G G Y C G G A H R L R C T C Y R,1
F L S L I P H A I N A V S T L V H H F,1
F A L L K A L L K K A L,1
A A K P M G I T C D L L S L W K V G H A A C A A H C L V L G D V G G Y C T K E G L C V C K E,1
K L L L K L L K K L L K L L K K K,1
S I G E Q Q M V E I A K A L S F E S K V I I M D E,0
A A C S D R A H G H I C E S F K S F C K D S G R N G V K L R A N C K K T C G L C,1
V K V I V E T A L L T D E E K V R A C Q,0
V A K K L A K L A K K L A K L A L A L,1
F K D L K K I A N I I N S I F K K,1
T C G T C C T G A G G A G A G A G A G C,1
Q M L F L E S D E E C,0
D M D S A I E T K V G K G Y L A H E M Q V L L V E D D Q T L F Q E L K K E L E H W D F F,0
A S G G M R N A L V R F G K R S P L D E E D F A P E S P L Q G K R N G A P Q P F V R F G R S G Q L,0
I V E D N G L R L A L P P K V E L P Q,0
G I I K K I I K K I I K K I I K K I,1
K I E R K I L D S Q E R A F W D V H R P V P G C V N T T E V D I,0
P M E H L S S N D Q L S F L T V K R L I,0
G L F D V I K A V A S V I G G L,1
L V Y L T A V F N L K S I T A A T I I N A F S G T I N F G T F V A A F L C D T,0
K A F D I T Y V R L K F,1
C S C R T S S C R F G E R L S G A C R L N G R I Y R L C C,1
G F L D I I K D T G K E F A V K I L N N L K C K L A G G C P P,1
Q D G Q T T I N D Y N A I,0
G F G S L L G K A L R L G A N V L,1
R L V S Y N G I I F F L K,1
D P A E S S R R F R I I L S,0
A T C D L L S G F G V G D S A C A A H C I A R R N R G G Y C N A K K V C V C R N,1
G M W K K I L G K L I R,1
H R Q A P A F E E L S T K V E I L E T G I K V V D L L A,0
A A K K W A K A K W A K A K K W A K A A,1
C S V H Q P R P E I F Y L F S N,0
Q E I L S V T L D D V G N Y T V N C Q,0
V G L G T Q F L R H I E R T R V I L H I I D M S A S E G R D P Y E D Y L A I N K E L E S Y N L,0
A L W K N M L K G I G K L A G K A A L G A V K K L V G A E S,1
M N T Q I I P S V K R E Y I T C R Y H T V V P S P Q I K C C G T V E C P K G E K A D Y T,0
I Q T S G K A V G L P A G Q M G N S,0
D D K R E V L S N K P A K G H V A K A N T A P K R F I R E F K N I E G L E V G A E L S V,0
A V T I R V F Q G E R E M A,0
K W K L F K K I P K F L H,1
G I P C G E S C V F I P C I S S V I G C S C S S K V C Y R N,1
L F D A S D S S S Y K H N G T E L T L R Y S T G T V S G F L S Q D I I,0
F S R S Q E L K D W I D R L K D E R L S L H Q R,0
K W M P G I T D E E W L C L F T K F T A A R E E C S E V Q E P E S C F S P E S S K T G D E S,0
L G Q S A A S A H H A Y I V L A I E N S F M T A S K K K,1
A M G A R N S V L R G K K A D E L E K V R L R P N G K K R Y R L K H V,0
E L Q A L R E Q F D A S I R E L E A R F N D K V E K V Q R G D D L P,0